0,0,0
0,1,1
0,2,2
0,3,3
0,4,4
0,5,6
0,6,7,114
0,7,9,99
0,8,11,116
0,9,12,117
0,10,15
0,11,16
0,12,17,65,74,113
0,13,18
0,14,26
0,15,27
0,16,28
0,17,31
0,18,32,66
0,19,33
0,20,37
0,21,38
0,22,39
0,23,46
0,24,47
0,25,50
0,26,52
0,27,53
0,28,55
0,29,58
0,30,59
0,31,69
0,32,70
0,33,72
0,34,75
0,35,76
0,36,78
0,37,79
0,38,85
0,39,87
0,40,88
0,41,92
0,42,93
0,43,94
0,44,95
0,45,97
0,46,108
0,47,109
0,48,125
0,49,126
0,50,128
0,51,129
0,52,132
0,53,133
0,54,134
0,55,135
0,56,136
0,57,137
0,58,138
0,59,139
1,26,1,11,93,277,648,757,795,899,1089,1141,1356,1787,1928,1937,2350,2381,2454,2475,2526,2576,2609,2747,2827
1,60,2
1,61,3,974
1,62,4
1,12,6,16,44,70,136,143,179,191,267,285,420,438,526,574,584,593,620,628,638,644,863,869,881,929,995,1014,1028,1082,1110,1136,1209,1271,1279,1282,1289,1339,1365,1384,1432,1435,1440,1448,1464,1490,1495,1499,1523,1528,1539,1578,1624,1632,1641,1677,1683,1694,1718,1753,1762,1781,1816,1839,1857,1898,1909,1943,1957,1992,2040,2068,2091,2113,2117,2184,2216,2228,2242,2324,2368,2371,2451,2485,2491,2510,2518,2522,2555,2585,2618,2621,2639,2664,2670,2685,2694,2815,2846,2850
1,63,7,1449
1,64,9
1,65,12,1847
1,66,13,115,118,299,325,395,447,454,516,583,632,640,667,935,951,962,1054,1061,1081,1268,1411,1470,1492,1564,1792,1830,1865,1968,1980,1998,2042,2058,2124,2183,2197,2273,2385,2398,2407,2436,2509,2787,2796,2831,2843
1,67,14
1,68,17
1,69,18,2578
1,70,21,1811,2065
1,71,22
1,56,23,416,467,565,1827,2039,2067,2296
1,72,24
1,73,26,687,767,1371,1454,1590,1923
1,74,28,555,689,769,897,1373,1457,1572,1593,1622,1670,1707,1724,1757,1926
1,75,30,557,771
1,76,31,558,772
1,77,34,60
1,78,35,61
1,79,36,62,697,819,1017,1129,1171,1241,1835,2177,2186,2364,2449,2489,2516,2598,2616,2763
1,80,37,63,139,480,1875,1955,2347,2365,2480
1,81,38,64,390,491,547,1419,1488,1511,1761,1874,2174,2178,2187,2434,2439,2668,2727
1,82,39,65,933,1240,1327,1342
1,83,41,67,1218
1,84,43,69,216,545
1,1,45,71,1583,1719
1,85,46,72,1461
1,86,47
1,25,49
1,87,51
1,88,53
1,89,54
1,90,55,732,858
1,91,56,733,859
1,92,73
1,93,79,133,176,236,334,382,408,441,541,957,1323,2280
1,94,81,178,238
1,95,82,239,385,465
1,96,83,240,319,544,2190
1,97,85,242,512,1125,1774
1,98,87,244,2412
1,99,90
1,100,94,278
1,38,96,280,2029
1,101,97,281,1747,1907,2530
1,5,98,282,355,452,509,1023,1217,1227,1974,2028,2457,2613,2646
1,102,99,283,1358
1,103,107,291
1,104,108,292
1,105,110,294,479,840,2172,2395,2465
1,106,112,296,2282
1,107,114,209,298,930,1469,1546,1588,1716
1,108,116
1,109,119
1,110,120,194,580
1,111,121,1740
1,112,122,270,326,348,693,1215,1743,1873,2234
1,113,123,307,365,1517,2479,2818,2857
1,114,124,308
1,55,125,208,309,394,445,475,1132,2066,2378,2438
1,115,126,310
1,116,129
1,117,130,787,910,941,1312
1,118,131,157,911,942,1313,2391
1,119,135,443,2011
1,120,137
1,121,140,318,481,1208
1,122,141
1,123,144,1684
1,124,145
1,125,147,437,489,908,2107,2375
1,126,148,1598
1,127,151
1,128,153,2031
1,129,156
1,130,159
1,131,160,1115,2673
1,132,161
1,133,162,210,251,315,607,615,759,816,1164,1322,1399,2130,2153,2356
1,134,163,218,389,720,939,1038,1408,2055,2315,2426,2726,2740
1,135,164,166,1969,2125
1,136,167,2033,2259
1,137,168
1,138,170
1,139,180,1951,2327
1,140,181,594
1,141,183,596,932,1520,2289,2532,2666,2736
1,142,184,439,597,645
1,143,186,691,696
1,30,189,1230
1,144,192,1076,1172,1229
1,24,193,250
1,145,195,955,2248
1,22,196,232,269,341,379,386,417,472,530,1093,1127,1235,1255,1382,1418,1616,1796,1986,2027,2078,2139,2278,2288,2309,2337,2344,2354,2393,2408,2463,2488,2597,2611
1,146,199
1,147,207
1,148,212,1558
1,149,213
1,150,214
1,151,215
1,152,219
1,153,221
1,154,224
1,155,225,357
1,156,229,2175,2440,2838
1,157,230
1,158,247,576
1,159,249,419,2151
1,160,252,1246
1,161,253,2147
1,162,256
1,163,257,347,1582
1,164,259
1,165,260
1,166,262
1,167,265
1,168,268,999,1011,1185,1249,1347,1368,1512,2615,2715
1,169,271,1585
1,170,272
1,171,273,813,835
1,172,274,1166
1,173,286
1,174,287,2574
1,175,288,427,430,511,532,622,630,1048,1118,1146,1497,1544,1790,1879,1890,2064,2082,2182,2215,2441
1,176,289
1,177,314,324
1,178,317
1,179,320
1,180,321
1,181,329,1542
1,182,330
1,183,331
1,184,337,339,966,2437
1,185,340
1,186,342,349,407,2466
1,187,343,373,2334
1,188,345
1,189,346
1,190,350
1,191,353
1,192,356,711
1,193,359,967,1899,2357
1,194,360
1,195,364,2110,2129,2460
1,196,366
1,197,368
1,198,371
1,199,374
1,200,375
1,11,376,1009,1393,1897,1991
1,201,377
1,202,387
1,203,392,2189
1,204,393,2090,2260,2471
1,205,396
1,206,410,518,2291
1,207,414
1,208,415,466
1,209,422,469,724,753
1,210,424,471,726,755
1,211,426
1,212,428
1,213,429,487,1044
1,29,432
1,214,433,1425
1,215,444,1131,2343
1,216,446
1,217,448
1,218,450
1,219,451,1717
1,220,453,510
1,221,455
1,222,463
1,223,473,694,1075,1309
1,224,476
1,225,478,528
1,226,483,1019
1,227,485
1,228,486,1257,1326,1880,2360
1,229,490,1617,2837
1,230,493,1967
1,231,494
1,232,495
1,233,507,997
1,234,514,2297,2481
1,235,520
1,236,521
1,237,522
1,238,523
1,239,525
1,240,527
1,241,529
1,242,531,2063
1,243,533,1872,2080
1,244,534
1,245,536
1,246,538
1,247,543
1,248,549
1,249,551
1,51,553,895,1388,1570,1619,1667,1722
1,250,561
1,251,562
1,0,564
1,252,566
1,253,567
1,254,568,1197,1216,2254
1,255,570,1349
1,256,572
1,257,575,631,913,1763
1,258,578,653,1192,1531,1631,1682,1853,1862,2121,2336
1,259,579
1,260,582
1,261,585
1,262,588,1734,2217,2527
1,263,589
1,264,591,1226,2661
1,265,592,612,677,1026,1869
1,266,598
1,267,599,1850
1,268,608
1,269,609,810,841,2482,2743
1,270,610
1,271,613,823
1,272,614,672,824,2021
1,273,616
1,274,617
1,275,619
1,276,621
1,277,623
1,278,624,2386
1,279,626,1288,1949
1,280,627
1,281,629
1,282,633
1,283,635
1,284,639
1,285,641
1,286,642
1,287,646
1,288,649
1,23,651,678
1,289,652
1,290,654
1,291,655
1,292,656
1,293,658
1,294,660
1,295,662,1177
1,296,666
1,297,668
1,298,671
1,299,675,683,1429
1,300,676
1,301,679
1,302,681
1,303,684,1430
1,304,692,1628
1,305,695,698
1,306,707,1960,2316
1,307,708
1,308,709
1,309,712
1,310,716
1,311,717,1290
1,312,721,750
1,313,728,1161,2054
1,314,729
1,315,730
1,316,735
1,317,736
1,318,738
1,319,739,1296
1,320,741,1298,2191
1,321,742,1299,2192
1,322,744
1,323,758,2452
1,324,760,1970
1,325,762
1,326,764
1,327,765
1,328,775,796
1,329,776
1,330,777
1,331,779
1,6,782,1030,1056
1,332,784
1,333,786,909,1311
1,334,788,1989
1,335,791
1,336,792
1,337,799
1,338,807
1,339,809
1,340,811,2094,2118,2275,2361,2594
1,341,812,828,2595,2665
1,342,815
1,343,818,971,1293,1892,1910
1,344,820,1031,2461
1,345,821,1077
1,346,822,2020,2114
1,347,827,1265
1,348,829,1962,2017,2373
1,349,832,1568
1,350,834
1,351,837
1,352,839
1,353,842
1,354,844,1042,1095,1190,1535,2537,2592,2752,2757
1,355,845,1273,2538,2593,2710,2732,2753,2758
1,356,848
1,357,849
1,358,851
1,359,853,877,1214,1690
1,360,855
1,361,856
1,362,860
1,363,861
1,364,862
1,365,864,1754,1817,2476
1,366,865,1755,1818,2477
1,367,866,1756,1819,2478
1,368,868,2689
1,369,870
1,370,872
1,371,875
1,372,879,2683
1,373,882,2686
1,374,885
1,375,886
1,376,888
1,377,890
1,378,892
1,379,916
1,380,919
1,381,921,1625,1678,1944,2624,2695
1,382,922,1626,1679,2625,2696
1,383,923,1627,1680,2626,2697
1,384,927,1259,2642
1,385,928
1,386,931
1,387,936,2446
1,388,937
1,389,947
1,390,949,1863,2720
1,391,950,2721
1,392,952
1,393,953
1,394,961
1,395,963
1,396,964
1,397,968
1,398,975
1,399,977,1656
1,400,979
1,401,981
1,402,983
1,403,984,1099
1,404,987
1,405,989,1153,1730,1744,2024
1,406,992
1,407,993
1,408,994
1,409,996
1,410,1007,2231
1,411,1008
1,412,1010
1,413,1015
1,414,1016,1231
1,415,1021
1,416,1022
1,417,1024
1,418,1029
1,419,1032,2229
1,420,1033
1,421,1034
1,422,1037
1,423,1041
1,424,1043,1462,1481,1658,2310,2579,2836
1,425,1047
1,426,1049
1,427,1050
1,428,1051
1,429,1053
1,430,1055
1,431,1058
1,432,1059
1,433,1062,2473
1,434,1063,1107,2772
1,435,1066
1,436,1068,2126
1,437,1070
1,438,1073,1193
1,439,1074
1,440,1079
1,441,1080
1,442,1083
1,443,1084
1,444,1086
1,445,1090
1,446,1091,1137
1,447,1092
1,448,1096
1,4,1097
1,449,1109
1,450,1111
1,451,1112,1142
1,452,1113,1143
1,453,1120
1,454,1128
1,455,1130
1,456,1133,2131
1,457,1138
1,458,1144
1,459,1145
1,460,1148
1,461,1149
1,462,1150
1,463,1151
1,464,1152
1,465,1154
1,466,1157,2251
1,467,1162
1,468,1163
1,469,1165
1,470,1169,1460,1672,1692
1,471,1170
1,472,1173
1,473,1175
1,474,1182
1,475,1183
1,53,1188,2433
1,476,1189
1,477,1191,1277
1,478,1194
1,479,1196
1,480,1210
1,481,1211,1438
1,482,1220
1,483,1222
1,484,1223
1,485,1233
1,486,1234
1,487,1244
1,488,1247,1345
1,489,1251
1,490,1254
1,491,1256
1,492,1258
1,493,1261
1,494,1263,1443,2464
1,495,1264
1,496,1266
1,497,1269,1493,2432
1,498,1272
1,499,1274
1,500,1275
1,501,1280
1,502,1283,1640
1,503,1285
1,504,1295
1,505,1307
1,506,1308
1,507,1315
1,508,1318
1,509,1319
1,510,1321
1,511,1325
1,512,1329
1,513,1331,1446
1,514,1332,1398
1,515,1334
1,516,1337
1,517,1338
1,518,1340
1,519,1354
1,520,1357,1642
1,521,1359,1888
1,522,1361
1,523,1362
1,524,1364
1,525,1366
1,526,1369
1,527,1376,2731
1,528,1377
1,529,1378
1,530,1380
1,531,1381
1,532,1383
1,533,1385
1,534,1386
1,535,1389
1,536,1390
1,537,1391
1,538,1392
1,539,1394
1,540,1396
1,541,1397
1,542,1409
1,543,1410
1,544,1412,2814
1,545,1413
1,546,1414
1,547,1416
1,548,1417
1,549,1420
1,550,1421
1,551,1422,1444
1,552,1424
1,553,1426
1,554,1427,1513
1,555,1431,2112
1,556,1433
1,557,1436
1,558,1437
1,559,1441,1519
1,560,1451,2672
1,561,1452
1,562,1463
1,563,1466
1,564,1471
1,565,1473
1,566,1474
1,567,1475
1,34,1478
1,568,1479
1,569,1480
1,570,1482
1,571,1484
1,572,1486
1,573,1487
1,574,1489
1,575,1491
1,576,1496
1,577,1498
1,578,1508
1,579,1518,2583
1,580,1521
1,581,1524
1,582,1526
1,583,1529
1,584,1530,2119,2487,2589
1,585,1532
1,586,1536
1,587,1540
1,588,1543
1,589,1545
1,590,1548
1,591,1549
1,592,1550
1,593,1552
1,594,1553
1,595,1555
1,596,1556
1,597,1559,1713
1,598,1561
1,599,1563
1,600,1565
1,601,1574
1,602,1577
1,603,1579
1,604,1581
1,605,1584
1,606,1586
1,607,1595,2779
1,608,1607,1952,2051,2419
1,609,1608,1953,2052,2420
1,610,1610,1737,1842
1,611,1613
1,612,1615
1,613,1630,1681
1,614,1633
1,615,1637
1,616,1643
1,617,1644
1,618,1647
1,619,1648
1,620,1650
1,57,1651
1,621,1652
1,622,1654
1,623,1660
1,624,1662
1,625,1675,1751
1,626,1685
1,627,1687
1,628,1695
1,629,1697,2507,2719,2793
1,630,1698
1,631,1709,1726
1,632,1712
1,633,1714,2735
1,634,1729
1,635,1731,1745
1,636,1733
1,637,1735
1,638,1741
1,639,1742
1,640,1758
1,641,1765
1,642,1766
1,643,1767,2314
1,644,1768
1,645,1772
1,646,1775,2367
1,647,1778,2445
1,648,1779
1,649,1780
1,650,1782
1,651,1784
1,652,1785
1,653,1788
1,654,1789
1,655,1791
1,656,1793
1,657,1795
1,658,1797
1,659,1798,2255
1,660,1807
1,661,1809,2267
1,662,1814,2820
1,663,1815,2554
1,664,1820
1,665,1822
1,666,1824
1,667,1826
1,668,1828,2859
1,669,1829
1,670,1831
1,671,1833
1,672,1834,2258
1,673,1837
1,674,1840,2767
1,675,1844
1,676,1851
1,677,1854
1,678,1856,1889
1,679,1858
1,680,1861
1,681,1864
1,682,1866
1,683,1867
1,684,1870
1,685,1871
1,686,1876
1,687,1877
1,688,1881
1,689,1882
1,690,1883
1,691,1886,1938
1,692,1887
1,693,1891
1,694,1895
1,695,1896
1,696,1908
1,697,1911
1,698,1915
1,699,1919
1,700,1921
1,701,1929
1,702,1930
1,703,1931
1,704,1934
1,705,1935
1,706,1939
1,707,1940
1,708,1941
1,709,1942
1,710,1945
1,711,1958
1,712,1961
1,713,1963
1,714,1964
1,715,1971
1,716,1973
1,717,1975
1,718,1976,2351
1,719,1979,2122
1,720,1981
1,721,1983,2098
1,722,1985,2181
1,723,1987
1,724,1988
1,725,1990
1,726,1993
1,727,1995
1,728,1996
1,729,1997
1,730,1999
1,731,2008,2018,2149,2220
1,732,2010,2856
1,733,2013,2073
1,734,2014
1,735,2023
1,736,2025,2089
1,737,2026
1,738,2030
1,739,2034
1,740,2036
1,741,2037
1,742,2038,2341,2572
1,743,2041
1,744,2043
1,745,2045
1,746,2047
1,747,2057
1,748,2059
1,749,2069,2123
1,750,2076
1,751,2077,2164
1,752,2079
1,753,2083
1,754,2092
1,755,2095,2144,2214
1,756,2097
1,757,2099
1,758,2111
1,759,2115
1,760,2127
1,761,2132
1,762,2133
1,763,2137
1,764,2138
1,765,2141
1,766,2142,2225,2308,2338,2389,2631
1,767,2145
1,768,2150,2268
1,769,2154
1,770,2155
1,771,2158
1,772,2159
1,773,2162,2212
1,774,2168
1,775,2170
1,36,2173
1,776,2176
1,777,2185
1,778,2195
1,779,2196
1,780,2198,2392,2858
1,781,2207
1,782,2208
1,783,2211
1,784,2213
1,785,2221
1,786,2222
1,787,2226
1,788,2235,2409
1,789,2238
1,790,2239
1,791,2240
1,792,2243
1,793,2245,2788
1,794,2246
1,795,2252
1,796,2257
1,797,2261
1,798,2262
1,799,2264
1,800,2265
1,801,2271
1,802,2272
1,803,2276,2362
1,804,2277
1,805,2284
1,806,2287
1,807,2290
1,808,2293
1,809,2295
1,810,2299
1,811,2307
1,812,2311
1,59,2317
1,813,2321
1,814,2322
1,815,2325
1,816,2331
1,817,2332
1,818,2335
1,819,2345
1,820,2348
1,821,2355
1,822,2363
1,823,2369
1,824,2372
1,825,2376
1,826,2379
1,827,2382
1,828,2384
1,829,2387
1,830,2394
1,831,2397
1,832,2399
1,833,2416
1,834,2424
1,835,2427
1,836,2429
1,837,2430
1,838,2442
1,839,2450
1,840,2455
1,841,2462
1,842,2467
1,843,2469
1,844,2470
1,845,2472
1,846,2483
1,847,2484
1,848,2490,2591
1,849,2492,2564
1,850,2494,2566
1,851,2497
1,852,2499
1,853,2508
1,854,2511
1,855,2512
1,856,2513
1,857,2515
1,858,2519
1,859,2520
1,860,2523
1,861,2524
1,862,2533
1,863,2535,2761
1,864,2543
1,865,2545,2862
1,866,2546
1,867,2547
1,868,2548
1,869,2549
1,870,2551
1,871,2552
1,872,2553
1,873,2556
1,874,2559
1,875,2562
1,876,2571
1,877,2577
1,878,2580
1,879,2584
1,880,2586
1,881,2587
1,882,2596
1,883,2599
1,884,2607
1,885,2610
1,886,2612
1,887,2614
1,888,2617
1,889,2619
1,890,2622
1,891,2628
1,892,2630
1,893,2633
1,894,2635
1,895,2637
1,896,2640
1,897,2641
1,898,2644
1,899,2651
1,900,2652
1,901,2654
1,902,2655
1,903,2657
1,904,2659
1,905,2662
1,906,2663
1,907,2667
1,908,2671
1,909,2674
1,910,2677
1,911,2678
1,912,2679
1,913,2680
1,914,2681
1,915,2690
1,916,2691
1,917,2692
1,918,2699
1,919,2707
1,920,2708,2716
1,921,2709
1,922,2713
1,923,2729
1,924,2733
1,925,2737,2755
1,926,2741,2762
1,927,2744,2759
1,928,2745
1,929,2748
1,930,2750
1,931,2765
1,932,2769
1,933,2770
1,934,2774
1,935,2776
1,936,2778
1,937,2782,2860
1,938,2783
1,939,2784
1,940,2786
1,941,2789
1,942,2791
1,943,2794
1,944,2795
1,945,2797
1,946,2798
1,947,2808
1,948,2810,2834
1,949,2811
1,950,2812
1,951,2816
1,952,2817
1,953,2822
1,954,2823
1,955,2825
1,956,2828
1,957,2830
1,958,2832
1,959,2835
1,960,2839
1,961,2841,2854
1,962,2842
1,963,2844
1,964,2847
1,965,2848
1,966,2851
1,967,2852
1,968,2861
1,969,2863
2,970,3
2,156,4
2,747,5,275,573
2,22,6,89,429,496,617,629
2,12,8,44,48,58,67,99,112,121,130,138,147,162,190,232,270,281,297,325,367,395,408,412,470,497,515,518,524,552,569,585
2,123,9
2,124,10
2,195,11
2,81,12,542
2,30,13,557
2,971,14
2,972,16
2,973,17
2,258,19,366
2,974,20,435
2,975,21
2,976,23,29
2,66,24,70,74,255,328,354,361,371,383,386,421,444,462,466,484,529
2,977,25
2,279,28,359
2,978,30
2,979,32
2,980,33
2,204,34,320,587
2,160,35
2,244,36
2,981,40
2,982,42
2,174,45,570
2,646,49
2,218,50
2,983,51
2,79,52,294
2,984,53
2,985,55
2,621,56
2,986,59
2,38,61
2,173,64
2,987,65
2,988,68,148
2,989,69
2,990,71
2,991,72
2,992,73,210,322,381,447,553,593
2,993,75
2,994,76,510
2,995,77
2,996,79
2,997,80
2,998,82
2,999,83
2,1000,85,187,353,439,540,607,635
2,1001,88
2,1002,90,182,282,599
2,1003,93,135
2,1004,94,156
2,1005,95
2,424,96,136,499
2,121,97
2,499,98
2,1006,107,440
2,1007,108
2,497,110
2,1008,113,122,131,233,326,373,396,498,526
2,214,116,393
2,1009,117
2,1010,118
2,552,120,523
2,649,123
2,1011,124
2,1012,125
2,159,126
2,520,128,519
2,1013,134
2,1014,137
2,1015,139
2,524,141
2,555,142
2,215,143
2,55,144
2,1016,145,188,339,357,437,541
2,175,146,189,209,280,335,438,551,568
2,1017,149
2,1018,150
2,1019,151
2,1020,152,272
2,1021,154
2,1022,157,346,370
2,745,159
2,1023,161
2,1024,163
2,1025,164
2,1026,166
2,1027,170
2,1028,171
2,1029,173
2,1030,174
2,1031,175
2,1032,176
2,865,177
2,1033,180
2,1034,183,594
2,1035,185,417
2,1036,186,340
2,480,191
2,6,192,632
2,1037,194
2,1038,195
2,157,197
2,1039,198,476
2,1040,199
2,1041,207,427,455
2,1042,208,284,428
2,582,211,267
2,1043,212
2,1044,214,388
2,1045,215,389
2,1046,217
2,1047,218
2,1048,219
2,299,220
2,1049,222
2,1050,223
2,1051,224
2,1052,225,260,293
2,1053,227,296
2,1054,229
2,1055,230
2,1056,236
2,1057,237
2,1058,238
2,1059,240
2,1060,243,471
2,1061,244,472
2,1062,245
2,1063,246
2,638,247
2,133,248
2,1064,249
2,1065,250
2,1066,253
2,1067,254
2,1068,256
2,1069,258
2,1070,259,464
2,1071,262
2,1072,263
2,59,264
2,1073,265
2,1074,268
2,1075,271
2,1076,276
2,1077,277
2,1078,279
2,1079,283
2,1080,285
2,1081,286
2,1082,289,480
2,1083,292
2,472,295
2,1084,298
2,1085,312
2,84,314,454
2,1086,315
2,26,317,475
2,1087,318
2,1088,319
2,1089,321
2,1090,323
2,1091,324
2,1092,329
2,1093,331
2,1094,333
2,1095,334
2,1096,336,509
2,1097,337,355
2,1098,338,356
2,847,341
2,282,342
2,1099,343
2,1100,344
2,304,347
2,1101,349
2,134,351
2,495,352,419
2,1102,360
2,1103,362
2,1104,363
2,169,364,493
2,1105,365
2,1106,368
2,667,372,463,545
2,1107,374,390
2,1108,375
2,1109,376
2,1110,378
2,3,379
2,11,380,387
2,1111,382
2,1112,384
2,163,392
2,1113,399
2,1114,409
2,1115,410
2,1116,413
2,1117,414
2,1118,420
2,1119,422
2,1120,423
2,1121,424
2,1122,425
2,1123,426
2,52,431
2,1124,432
2,685,433
2,1125,436
2,306,442
2,8,443
2,1126,445
2,1127,446
2,1128,448,460
2,1129,449
2,1130,452
2,722,456
2,1131,457
2,1132,459
2,1133,461
2,927,465,586
2,1134,467
2,1135,468
2,1136,473
2,1137,477
2,229,478
2,1138,479
2,1139,483
2,1140,485
2,1141,486
2,1142,491
2,1143,492
2,80,494
2,1144,495
2,1145,511
2,1146,513
2,1147,516
2,85,520
2,1148,525
2,273,527
2,274,528
2,177,530
2,110,531
2,1149,533
2,243,535
2,1150,536
2,405,537
2,1151,538
2,494,539
2,101,543,609
2,56,546
2,1152,550
2,261,554
2,313,555
2,1153,559
2,470,561
2,96,563
2,1154,565
2,1155,566
2,1156,567
2,1157,574
2,1158,575
2,1159,577
2,1160,578
2,1161,580
2,1162,581
2,399,583
2,1163,584
2,1164,588
2,1165,590
2,1166,591
2,1167,592
2,500,610,636
2,368,613
2,1168,614
2,1169,615
2,1170,616
2,1171,620
2,141,622
2,1172,623
2,1173,624
2,1174,626
2,1175,628
2,42,631
2,106,634
3,1176
4,1176,0,385
4,12,1,6,23,65,107,112,171,178,194,210,226,237,283,322,329,345,367,386,411,432,460,467,527,611,668,681,698,755,761,783,793,798,811,861,876,915,925,1014
4,964,2,916
4,889,3,17,110,369,376,408,468,483,508,513,534,588,674,683,712,742,756,812,871,879
4,528,4,71,787,898
4,175,5,43,50,359,485,549,628,832,1012
4,1177,7
4,1,8
4,520,9,51,83,90,130,372,390,394,586,622,653,661,667,676,716,741,765,807,833,855,858,870,885,943,964
4,160,10,59,156,425,983
4,1178,11
4,1179,13
4,208,15
4,1180,18
4,56,20,492
4,186,22,125,961
4,1181,24,227,866
4,470,26
4,1182,27
4,1183,30
4,1184,33
4,495,35
4,1185,36,97,464
4,1186,37
4,1036,38
4,123,40,172
4,124,41,173
4,1187,42,627
4,1188,44,629
4,1189,45,630
4,1190,47,657,699,862,926
4,1191,49
4,1001,54
4,22,55,222,223,241,250,434,442,530,597,615,640,851,883
4,1192,56
4,1193,57,593
4,133,58,62,349,410,424,436,566,922,945,950,982
4,1073,60,426,745
4,399,61,151,552
4,1194,63
4,269,64,542,987
4,501,67
4,1195,70,330,780
4,927,72,441,613,644,979
4,1196,73
4,1197,75
4,1198,77,207,262
4,1199,78,852
4,1200,79,126
4,258,81,93,815,854
4,1201,87
4,1202,88
4,1203,92
4,1204,94
4,1205,95
4,1206,96
4,1207,98
4,1208,108,532,838
4,418,113,669
4,197,114
4,1209,117
4,1210,118
4,66,119,165,167,177,445,455,524,594,648,663,721,725,834,872,886,890,952
4,189,120
4,1211,122,417,642
4,1212,124
4,11,128,389,393,633,836,857,963,996
4,26,132,357,626,656,738,768,939
4,1213,133
4,5,135,184,267,299,375,398,475,865,992,1020
4,1214,136
4,1215,137
4,1216,139,557,565,684,913,921
4,757,140,845
4,81,141,258,339,899
4,1217,142
4,347,145
4,1218,146
4,1219,148
4,1220,149
4,633,153
4,1221,157,548
4,1222,159
4,1223,160
4,2,162,362
4,1224,164
4,61,166
4,340,168
4,1225,169
4,1091,170
4,244,175
4,560,179
4,834,181
4,1226,182
4,135,185,244,336
4,1227,186
4,1228,189
4,1229,190,276
4,1160,192,781
4,1062,196
4,1230,197
4,1231,199
4,1232,208
4,1233,211
4,1234,213,248,271
4,1235,214,249,272
4,661,217
4,1236,219
4,1237,221,284
4,134,229
4,203,233,956
4,1238,235
4,649,236
4,1239,238
4,95,240
4,1240,245
4,494,247,429,897
4,1241,252
4,204,253,416,731
4,1242,255
4,6,256,319
4,220,260
4,1243,263
4,145,264,608,616
4,1244,266
4,1245,268
4,447,275,796
4,121,277
4,533,278
4,534,279
4,1246,281
4,1247,285
4,1248,286
4,1249,287,823
4,80,289,856,946
4,1250,291
4,125,293
4,809,294
4,1251,296
4,1252,297,323,346,380
4,94,308,895
4,668,309
4,267,310,993
4,34,311,994,1021
4,1253,312,995,1022
4,35,313
4,163,320
4,1254,321
4,1255,325,847
4,1256,327
4,1257,331
4,1258,337,350
4,1259,341
4,36,342
4,1260,343
4,1261,351
4,814,352
4,1262,358
4,513,360
4,1263,361
4,424,363
4,156,364,480
4,787,365,378,439,591
4,1264,368
4,1265,370,377
4,529,387,759,809
4,1266,388,392,944
4,1267,391
4,1268,397
4,840,399,794
4,532,407
4,1269,409,484,514,589,713
4,117,412
4,1270,413
4,1271,415,571
4,1272,422
4,1273,423
4,1274,427
4,1275,430
4,1276,431
4,100,433
4,112,435,671,873,881,954
4,1277,437
4,1278,438
4,1279,444
4,970,446,491
4,1280,447,556,564,976
4,1281,449
4,1282,450,474
4,111,451,697,896
4,136,452,574
4,1051,453
4,630,454
4,1283,456
4,499,458
4,1284,461
4,1285,462
4,1286,465
4,1287,466
4,1288,469,813
4,1289,471,958
4,1290,481
4,110,482,512,526,555,711,822
4,620,486
4,97,488
4,0,490
4,1291,494
4,1292,496
4,1293,499
4,313,509
4,1294,511,525,710
4,1295,519
4,187,520
4,228,521,686,929
4,1296,522
4,1297,523
4,502,528
4,387,529,553,567,955
4,1298,531
4,1299,536
4,1300,538
4,1301,541
4,406,544,786
4,1302,545
4,1303,546
4,1304,550
4,946,551
4,1305,554
4,195,559,734
4,113,560,757
4,783,561
4,1306,563,919
4,1307,568
4,1308,570
4,215,572,581,746
4,1309,573
4,1310,578,912,920
4,1311,582
4,1312,584
4,169,590
4,1313,595
4,1314,596,665
4,1315,599
4,1131,612
4,1316,614
4,333,619
4,1317,620
4,1318,623
4,1319,632
4,1320,634,931
4,73,635,933
4,1321,636,934
4,344,638
4,457,639,775
4,1322,645
4,218,646,659
4,1323,647,817
4,1324,649
4,1325,650,831
4,1326,651,662
4,1327,658
4,1328,660
4,1329,664
4,1330,672
4,479,678
4,1331,679
4,1332,680
4,230,682,940
4,688,687
4,1333,688
4,206,694
4,1334,696
4,1335,707
4,1336,708
4,1337,714
4,1338,718
4,1339,719
4,1340,722
4,388,723
4,1341,724
4,385,726
4,243,727,947,953
4,1342,733
4,1343,735
4,1344,739,752
4,405,743,894
4,847,747
4,563,748
4,1345,750,974
4,1346,753
4,271,762
4,1347,764,837
4,1348,766
4,51,769
4,74,772
4,1349,773
4,1350,774,930
4,1351,777
4,1352,778
4,1081,784
4,330,789
4,1353,791,824
4,587,799
4,144,814
4,1354,818
4,1355,821
4,1356,829
4,1357,835
4,773,839
4,1358,841
4,1359,842
4,1360,848
4,190,850
4,1361,853,962
4,1362,860
4,1363,863
4,1364,864
4,30,868
4,55,869
4,585,877
4,1365,878
4,1366,882
4,1367,888
4,732,893
4,1368,909
4,1369,911
4,1370,917
4,1371,923
4,518,941
4,214,948
4,105,949,960,981
4,37,951
4,184,959
4,1372,966
4,1373,969
4,1374,978
4,1375,984
4,1376,986
4,1377,988
4,1378,989
4,45,991
4,1379,997
4,1380,998
4,1381,999
4,77,1007
4,1382,1008
4,527,1010
4,1383,1011
4,1384,1013
4,951,1015
4,1115,1016
4,1385,1017
4,1386,1018
5,1387,0,73,139
5,1388,1
5,1389,2
5,12,4,13,52,96,107,118
5,967,5
5,1390,6
5,1391,8
5,1392,10
5,1393,12,53
5,1394,15
5,1395,17
5,18,19,30
5,51,26
5,1396,27
5,26,29
5,42,31,46
5,1397,32
5,1398,33
5,66,34,70,133
5,759,35
5,731,37
5,1053,38
5,34,45
5,1399,47
5,312,49
5,1400,50
5,1401,54
5,45,56
5,1402,58
5,133,59,127
5,544,66
5,14,67
5,1403,68
5,1404,69
5,1405,71
5,1084,74
5,1406,76
5,1379,78
5,1407,79
5,1,85
5,1408,86
5,228,88,156
5,1008,89,97
5,1409,91,130
5,36,93
5,1410,95
5,37,106
5,271,108
5,533,109
5,210,110
5,2,112
5,428,113,119
5,22,114
5,1411,116
5,1412,126
5,19,128
5,175,129
5,1413,132
5,1291,134
5,1414,137
5,8,145
5,9,146
5,81,147
5,229,148
5,1415,149
5,1416,151
5,1417,152
5,1418,154
5,688,157
5,1419,158
5,1420,159
6,1421,0
6,66,1,12,47,72
6,433,2
6,1422,3
6,1423,4
6,1379,6
6,1424,7
6,1425,8
6,1426,10
6,1427,11
6,1428,13
6,868,14
6,1429,15
6,101,18
6,1430,19
6,1431,25
6,1273,27
6,160,28
6,1073,29
6,244,31,91
6,1432,34
6,892,35
6,1185,36
6,1433,37
6,1434,39
6,877,45
6,1435,46
6,248,48
6,1436,49
6,316,51
6,317,52
6,12,55
6,1437,56
6,855,57
6,856,58
6,1438,59
6,220,65
6,18,67
6,1439,69
6,501,70
6,803,71
6,1440,73
6,630,74
6,620,75
6,1262,76
6,419,77
6,1441,85
6,258,86
6,1442,87
6,1443,88
6,1444,89
6,1445,94
6,1446,95
6,45,97
7,1447,0,186,228,317,359,442,781,1496,2495,2717,2760,4129,4420,4566,4667,4708,4776,4817,4891,4924,4985,5439,5551,6054,6153,6423
7,495,3,77,97,138,457,655,746,1008,1383,1556,1597,1955,2015,2135,2262,2350,2588,2684,2699,2716,2734,3018,3066,3370,4063,4112,4128,4332,5352,5555,5571,6183
7,1448,4
7,1449,5,440,581,1124,1423,1682,2584,3528,4069,4108,5354,5611,5762,5823,6065
7,12,7,26,54,61,76,96,108,116,137,142,165,168,224,275,348,364,381,411,456,468,521,532,593,644,654,659,681,691,715,744,834,838,843,860,867,914,928,931,939,942,1007,1022,1031,1049,1074,1119,1131,1172,1178,1182,1196,1278,1297,1312,1334,1382,1393,1408,1421,1428,1440,1459,1482,1507,1511,1532,1549,1555,1567,1578,1583,1592,1596,1633,1644,1664,1681,1697,1708,1714,1719,1724,1740,1750,1756,1760,1763,1776,1779,1784,1791,1794,1813,1816,1838,1862,1865,1869,1924,1941,1954,1959,1977,1984,2050,2055,2069,2118,2152,2159,2178,2207,2216,2222,2245,2248,2261,2287,2293,2296,2308,2322,2344,2349,2355,2371,2426,2440,2456,2470,2485,2492,2512,2539,2555,2570,2573,2578,2582,2587,2609,2671,2683,2698,2715,2774,2825,2836,2859,2877,2894,2896,2956,2966,2997,3061,3065,3084,3123,3141,3148,3181,3184,3188,3197,3255,3258,3289,3335,3346,3352,3414,3424,3449,3463,3498,3546,3585,3616,3644,3678,3681,3687,3711,3714,3723,3727,3731,3784,3850,3911,3927,3935,4018,4023,4055,4062,4066,4111,4124,4127,4149,4195,4198,4242,4256,4270,4281,4289,4298,4313,4338,4376,4473,4536,4641,4718,4772,4794,4854,4862,4884,4930,4955,4960,4999,5018,5021,5032,5043,5082,5125,5150,5156,5163,5179,5183,5207,5214,5233,5235,5250,5260,5274,5282,5316,5319,5337,5348,5351,5374,5386,5397,5411,5435,5444,5447,5451,5454,5491,5520,5548,5554,5570,5574,5610,5621,5624,5627,5636,5646,5649,5654,5663,5671,5686,5689,5723,5733,5742,5749,5758,5771,5778,5788,5808,5821,5833,5857,5864,5893,5961,5969,5975,5978,5982,5993,6013,6016,6096,6111,6120,6155,6158,6168,6182,6195,6226,6229,6292,6359,6435
7,1450,8
7,1451,10,1651,2721,2740,3069,4071,4091,4116,4139,4651,5713,5947
7,1452,12,1653,2723,2742,3071,4073,4093,4118,4141,4653,5715,5949,6233
7,1453,13,1654,2724,2743,3072,4074,4094,4119,4142,4654,4907,5716,5950,6234,6344
7,74,15,1656,2726,2745,3074,4076,4096,4121,4144,4210,4656,4909,5564,5718,5952
7,1454,18,753,4758
7,1455,19,707,933,946,1132,2738,2775,2860
7,1456,20
7,1457,21,91,4523,4913
7,66,22,94,215,340,483,518,641,669,690,786,896,951,1038,1155,1168,1180,1186,1232,1256,1308,1360,1371,1375,1413,1439,1446,1493,1498,1513,1516,1529,1541,1613,1648,1676,1735,1752,1820,1861,1926,1981,2013,2025,2028,2146,2220,2418,2422,2442,2477,2518,2530,2572,2673,2766,2790,2797,2925,3010,3109,3170,3214,3225,3229,3261,3271,3285,3387,3447,3474,3491,3583,3624,3656,3669,3691,3737,3756,3810,3822,3867,3878,3888,4014,4059,4135,4217,4294,4357,4371,4433,4452,4497,4633,4647,4684,4723,4747,4798,4861,5016,5047,5108,5185,5213,5322,5329,5336,5462,5489,5508,5526,5619,5791,5813,5819,5846,5856,5877,5881,5908,6027,6045,6050,6127,6174,6242,6250,6266,6273,6298,6329,6332,6350,6354,6372,6382,6432
7,1458,23,93
7,1459,24
7,555,25,30,3576,6366
7,1460,27,111,898,5812
7,1461,28
7,1462,31,6028
7,1463,32,3263,4956,6029
7,582,35,1332,1544,4850,5442,5990
7,1464,37
7,1465,38,761,3889,4022
7,1466,39
7,1467,40,1298,1414,1709,2270,2878,4580,5457
7,1468,41
7,26,43,123,328,361,376,983,1143,1316,1453,1520,1858,1913,2134,2375,2662,2710,2788,2829,2881,2889,3760,3839,4043,4834,5211,5270,5379,5392,5531,5567,5695,5860,5872,6133,6310,6426
7,1469,44
7,1470,46
7,1471,47
7,133,49,1366,1621,1931,1945,2317,2411,2450,2634,2779,2792,2863,3165,3312,3672,3812,3920,4079,4417,4435,4447,5117,5149,5169,5188,5223,6170,6178,6262
7,101,50,109,551,1147,1320,1358,2816,2934,3636,3918,4147,4552,4713,5473,5998
7,1472,51
7,279,53,188,2343
7,1473,55,940
7,344,57,1932,4080,5118,6148
7,1474,58
7,122,59,840,937,1160,2360,2973,3250,3430,3468,3531,3595,3790,4945,6318
7,230,63
7,1475,64
7,1476,67
7,180,68,2989
7,436,71,964,1014,1933,4660,6124
7,1477,72,514,2913
7,44,73,967,5244,5938
7,163,75,293,1554,2177,2523,3730,4778
7,1478,78,84
7,160,80,2318,2479,4081,4448,4482,5958
7,1479,81,679
7,399,85,249,444,471,709,809,894,1274,2264,2283,2561,3482,3879,4250,4541,5198
7,79,86,140,673,2072,2127,2137,2156,2231,2237,2253,2265,2686,3222,3231,3348,3542,3953,4543,4583,4587,4595,4614,4664,4678,4732,5025,5160,5612,5666,5698,5851,5867,5916,6073,6090
7,1480,88
7,1481,90
7,1482,95
7,1483,98,191,465,533,899,1183,1483,1636,1956,2356,2646,4150,5463,5734,5865,5962
7,355,99,139,458,656,747,839,1009,1384,1422,1557,1720,1780,1795,1829,1957,2016,2136,2263,2351,2589,2685,2718,3067,3189,3936,4068,4107,4130,4243,4333,5022,5083,5353,5398,5556,5572,5672,5735,5822,6064,6184
7,131,107,3249,3478,3833,4782,6358
7,1484,110,1581
7,1485,112,3094,3329
7,1486,113,3330
7,1487,117,388,742,1063,1145,1550,1594,1645,2376,4125
7,1488,119,5357,5825
7,1489,120,5237,5358,5826
7,1490,121,5359,5827
7,501,124,469,693,844,868,929,984,1075,1120,1726,1885,3353,3415,3465,5158,5180,5184,5380,5464,5655
7,1491,126,2467,4151,5341,5753
7,1492,127,5342
7,1493,128,2468,5346
7,999,130,180,474,4979
7,1494,132,1725,2148,2379,4236,4316,4329,4365,4674,5344,5476,5839
7,1495,135,2008
7,22,136,219,575,855,877,889,996,1065,1118,1157,1296,1624,1840,1915,2058,2083,2229,2236,2346,2452,2682,2697,3239,3345,3587,3779,3874,4234,4275,4288,4386,4754,4836,5080,5147,5159,5543,5609,5675,5697,6070
7,1496,141
7,1497,143
7,1498,145
7,517,146,528
7,96,147,574,634,1125,2172,3529,3633,3930,3970,4172,4981
7,1499,148
7,1500,150,3724
7,1501,151
7,1502,152
7,1503,155,2659
7,1504,157,335
7,1505,158
7,1506,160,1126,2647,3530
7,1507,162,2656
7,1508,166,522,3256,3712,4196,5772
7,1509,169
7,110,170,865,988,2075,4268
7,1510,172
7,1511,173,1359,2848
7,1512,175,1348,3637
7,1513,176,246,329,382,1218,1318,1942,1960,1978,3142,3297,3445,3453,3480,3614,3682,3728,5575,5743,5897,5931
7,1514,178,524,1141,1272,1962,2219,3577,3765,5577,5745
7,1515,183,1553,1687,1764,1819,1872,1898,1914,2164,2362,2840,3057,3114,3938,4113,4570,4610,5087,5362,5390,5514,5524,5740,5767,5830,5888,5941,6390,6440
7,1516,189
7,134,190,355,531,677,697,1975,2353,2864,2884,2940,3477,3538,3610,3684,3832,4958,5449,5787,6091
7,852,192,534,611
7,405,193,445,1121,1569,1992,3520
7,1517,194
7,1518,196,447
7,1519,198
7,1520,199
7,905,208,3815,3847,6007
7,188,209,461,550
7,1521,211
7,981,212,561,589
7,1522,213
7,1523,214,517
7,1524,216,265
7,1525,217
7,1526,218
7,223,220,455,464,547,657,1068,1417,1781,3393,3416,3926,3940,4295,4784,5890
7,1527,222
7,1148,225,660,1144,1317,2223,3296
7,560,226,2998,3688,3761,4642,4863,6360
7,424,229,472,947,1294,1340,2387,3098,4045,4244,4251,4392,4556,4838,5199,6141,6247
7,53,230,2096,3377,3921,5894
7,1073,231,1897
7,30,232,273,438,452,495,1276,3121,3131,4989,5192,5644,6085
7,773,233,1535,2240,4690,4894,5134,5171,5186
7,817,235,378
7,306,237,245,1514,1821,3773,3890,4680,4724,4858,4867,6063
7,949,238
7,63,239
7,1528,242
7,1529,244
7,1530,248,291,314,368
7,1007,251
7,121,252,352,799,2087,2680,4535,4548
7,1531,254
7,1532,257
7,11,258,936,1163,1311,1420,1663,1789,1812,1837,2161,3093,3328,3372,3973,4158,4387,4551,4619,5084,5162,5385,5596,5635,5669,5737,5884,5940
7,1533,259,267,325,429
7,269,261,383,3658,6119
7,95,262,3588,3992,4166,4848
7,136,263,3735,3787,4415,4812,4814,6161
7,55,264,3224,3226,3788,3942,3949,4926
7,56,266,3792,4051,4927,6163
7,1534,268,2521
7,1535,271
7,258,272,424,588,795,2269,2339,2754,3087,3584,3856,3861,4085,4375,4893,5225,6277,6335
7,1536,276
7,1537,277
7,926,279,1235,1260,3371
7,679,281,633,1289,1970,3620,3845
7,1538,284
7,97,285,1989,3743
7,1539,286,1016,1880,2927,3362
7,1540,289
7,1541,295
7,1542,297,2757
7,1543,299
7,1544,309
7,1545,310
7,1546,311
7,1547,315,3939
7,1548,320
7,1549,321
7,1550,323
7,1551,324,5122
7,52,330,3410,5240
7,156,331,473,537,948,1192,1265,1341,1874,2097,2388,2845,3629,3747,4046,4245,4557
7,1552,332
7,1553,333,3922,4558
7,271,336,527,607,618,5412,5421,5664
7,42,337,345,369,373,874,1466,1721,2482,2921,3082,5415,5987,6393
7,745,338,1626,1939,4527
7,70,341,344,596,797,849,911,2988,3146,3763,3769,4877,5870,6212
7,1236,343,5869
7,878,346,497,930,1562,2688,3429,5614,6187
7,175,347,397,475,478,484,643,765,1034,1053,1088,1485,1582,1595,1988,2221,2292,2321,2910,3048,3423,3431,3750,3986,4017,5076,5383,5528,5588,5629,5922,6398
7,105,349,466,645,716,794,1139,1215,1299,1525,1710,1765,1822,1870,2126,2217,2259,2291,2310,2971,3227,3450,3608,3718,4698,4780,4944,4963,4983,5387,5437,5522,5866
7,1554,351
7,667,356,698,1909,3011,6316
7,1555,357,699
7,1556,362
7,1557,365,615,6026
7,1010,366,562,590,1934
7,1558,370
7,1559,372
7,1560,374
7,1561,377
7,633,380,2074
7,855,385
7,1562,387
7,1563,390,416,4762,4820
7,368,392,553,851,2747
7,1564,393
7,29,396,1628
7,497,398,425,2628,4173,4761,6075
7,1565,399
7,1566,407,412
7,1567,409
7,261,414
7,672,418,5119
7,1568,420
7,1569,421
7,1570,423,2954,3086
7,1571,426,480
7,1572,427
7,1573,431
7,1574,433
7,145,435,507,650,873,1057,1589,1930,2230,2363,2576,2778,3221,3990,4731,4879,4920,5148,5168,5399,5711,5915,6192,6220
7,80,437,494,770,823,831,934,960,1080,1239,1826,2021,2065,2086,2124,2336,2412,2695,3130,3237,3342,3394,3458,3535,3563,3899,4007,4292,4296,5057,5988
7,1575,439
7,1576,449
7,377,451
7,897,454,463,546
7,1198,460,651,1137,1733,2366,3858,3869,4445
7,841,467,1117,4385
7,1577,476
7,790,479,4899
7,1578,481
7,184,485,2233,5170,5175
7,1579,486,1252,1878,2187,3988
7,838,487,871,2924,3361,5728
7,1580,489,637
7,1581,490
7,661,492,628,1767,2252,2862,2986,6215
7,1582,496
7,1583,498
7,1584,509
7,1585,512
7,1009,516,2012
7,1586,519,613
7,863,526,1129,1739,3161,3560,5112
7,81,536,784,857,1081,1191,1263,1527,1587,1625,1729,1873,1895,2036,2095,2128,2844,3017,3378,3417,3428,3628,3746,4285,4544,4596,5216
7,1587,538
7,346,540
7,1588,543
7,1589,544
7,5,555,635,945,1062,1217,1828,2084,2276,2313,2595,2641,2885,2920,2941,2994,3359,3444,3452,3479,3561,3612,3818,3827,4325,4486,5077,5226,5912,5955
7,978,556
7,204,557,772,833,979,1983,2370,3147,3164,3196,3334,3439,3764,4165,6327
7,979,558,565,2010,3807,4424,5679,5854
7,1590,559,619
7,1591,564
7,1094,566,1010,1385,1568,4314,5227,6097,6135
7,1592,568,1326,1394,1841,2141,2162,2520,3260,4770,5073,5085,5266,5692,5738,5817,5885
7,1593,570,3262
7,1594,572
7,1595,573,2823,4529
7,1596,577
7,1597,578,791
7,1598,582
7,1599,586
7,1600,587
7,646,594,2153,4087
7,1601,599
7,1602,608
7,1603,610
7,1604,612,6031
7,1605,616
7,847,617,1041,1748,5409
7,1606,621
7,1607,622
7,1608,625
7,1609,626
7,731,631,2596,3594
7,1610,638
7,1611,639,4498
7,1612,642
7,795,652
7,1613,653
7,98,658
7,902,661,1231,3473
7,1614,663
7,1615,666
7,1616,668
7,1617,670
7,84,676,1171,2478,3622,4021,4607,5371,5516,5797
7,418,682,685,688,692
7,1618,683,1154,4320,4919
7,1619,686
7,176,689,3648,3894,3982
7,1620,711,2416,2972,3575
7,214,713,2957,3841,4645,4982,5585,5984
7,312,717,3210
7,1621,719,6021
7,1622,723,4937,6020
7,1623,724,2837
7,169,725,1058,1158,2335,2526,3399,4939,6225
7,1624,727,4941,4946
7,1625,730,1649,3245,4934
7,1626,733
7,1627,734,736,1211,4479
7,1628,737
7,1629,741
7,1630,745,2583,2690,3185
7,1631,749,820,3078,3511
7,1632,750,821
7,32,754
7,728,755,767,3242,6024
7,1346,756,3813,3816
7,668,758,773,3088,3277,5008,6414
7,1633,759
7,1634,762,1228
7,1635,763,891,957
7,1636,764,958
7,1637,771
7,262,774,981,4067
7,610,776
7,1638,779
7,821,783
7,234,785,1731,3969,4461,4665
7,1639,787,4393
7,1640,789
7,1092,790
7,1641,793,4912
7,1642,796,4876
7,1643,807
7,113,810,2445,2907,4383,6146,6363
7,1644,812
7,1645,813
7,1646,816,6175
7,1647,817
7,1648,824
7,1649,826
7,1130,830,1238,5056
7,1282,832,853,1095,1694,2082,3238,5058
7,1650,835,1807,2089,3151,4239,4282,4290,4327
7,1651,837,1851,2158,3412,3934,3954,3965,3999,4241,5396,5732,5820
7,479,846,3023,3968,3984
7,1342,847,4679
7,1652,858,1730,5381
7,1653,859,995
7,434,861
7,1654,863,925,2281,5028,5046,5793
7,1655,864,4267
7,643,870,1463,3597,3740
7,635,876
7,1656,881
7,1293,884,1092,1114,1846,3556
7,215,887,2369,2834,2983,3253,3343
7,103,888,910,2892,5482,6186
7,1657,890
7,1658,892
7,427,895
7,545,897,2916
7,1250,907,2593
7,1659,915
7,186,918,977
7,1660,919
7,1661,920
7,243,922,1047,1096,1775,2034,2110,3925,4459,5059
7,1662,924,1151,2546,2949
7,1663,927,1713
7,1664,932,2737,4254
7,1665,935,2032,4396,5419,6190
7,1666,943
7,1667,949
7,1213,954,1324,2882
7,1668,961
7,1669,965
7,1670,966
7,1671,969,1997,5063
7,1672,970
7,1673,971
7,1674,974,2457
7,1675,975,1472
7,1676,976
7,1677,978,3163
7,1249,980,990,997,2524,4178,4429,6259,6315,6324,6333,6367,6370,6373
7,757,985,999,2059,4460,4699
7,1678,986
7,1679,987
7,178,991,4599,5579
7,1680,998,1035,1067,2444,3307,3380,3435,3653,5242,5617
7,158,1015,4550,4661
7,1681,1019,2552
7,1682,1020,2432,3357
7,1683,1023,1253
7,141,1025,1066,2278
7,1684,1026,1642,3360
7,1685,1028
7,1271,1029,2367
7,1686,1032,1082,2132
7,1687,1033
7,1688,1037,3541
7,1689,1039
7,1690,1042
7,1691,1045
7,1692,1048
7,927,1050
7,1693,1051
7,1694,1055,1380,3996,4765,5776
7,1695,1059
7,1696,1060
7,43,1070,4252,5243
7,1697,1072
7,159,1077,1225,3908
7,1269,1083
7,1698,1085,2386,4033
7,1699,1087
7,1700,1098
7,1701,1107
7,1702,1109,1771,3572
7,1703,1122,3526,4185
7,1704,1127
7,1705,1130,1195,6434
7,1706,1135,2365,3857,3868,4384
7,1707,1136
7,1708,1138,1214
7,1709,1148
7,1710,1152,3365
7,185,1156
7,1711,1159
7,1712,1162
7,1713,1164,1314,2516,3974
7,1126,1166
7,1714,1167
7,1715,1169
7,1716,1173
7,854,1174
7,1717,1175,5781
7,1718,1176
7,1719,1179,1686,6389,6439
7,1720,1184
7,1721,1185,2144,2297,6130
7,1722,1187
7,1723,1188
7,1724,1190,1262
7,1725,1193
7,673,1194
7,611,1197,1269,2179,3777,4231
7,1726,1198,3715
7,100,1208,1244,4263,4835,5234
7,1727,1209,3464,4474,5780
7,1728,1210
7,1255,1212
7,1729,1213
7,1730,1222
7,228,1227,1250,1257,1291,2795,3136,3266,3472,4409,5221,5241,5882,5929
7,1731,1230
7,197,1233,5137
7,1732,1240
7,659,1241,1620,2544,3467,4413,5587,5923
7,1733,1247
7,1734,1248,2567
7,1735,1249
7,1736,1258
7,229,1264,1565,1809,2254,4230,4286,5917
7,1737,1266,3709
7,1738,1268,5468,5895
7,1739,1270
7,1740,1279
7,810,1282
7,908,1284,1910
7,1741,1285,1911,2094,4180
7,1742,1287
7,1743,1292
7,1744,1293
7,1745,1295
7,1746,1307
7,1747,1309
7,1748,1310
7,1749,1313
7,1750,1321
7,1751,1329
7,1752,1336
7,1753,1342,2443,3943,3950,5896
7,1754,1344
7,1755,1346,2846,3654
7,1756,1350
7,1757,1351
7,1758,1352,2930
7,1759,1354
7,1760,1361
7,1761,1363
7,1762,1364
7,1763,1365
7,1764,1367
7,1765,1369
7,1766,1370
7,1767,1372
7,1768,1373
7,1769,1376
7,1150,1378
7,1770,1381
7,1771,1389
7,1772,1390
7,446,1391,1521,5078,5261,5275,5595,5690,5956
7,1773,1395
7,1774,1396
7,1775,1398
7,1776,1407,1522,4274
7,1777,1409,1523,5271
7,1778,1411
7,1195,1412,4179,4773,6112
7,1779,1415
7,36,1416,1526,2464,3081,3134,3367,4176,5665
7,1780,1418
7,496,1419
7,1781,1424,1698,1717,1757,1777,1792,1830,1952,3198,5019
7,1782,1425,1512
7,544,1427
7,1783,1429,5296
7,1784,1431
7,1785,1432,1442
7,1786,1433,2459,2565,5292,5323
7,1787,1434,2460,2566
7,1788,1436,5289
7,1789,1437,5290
7,1790,1441
7,1791,1444
7,1792,1445
7,1793,1447,3508
7,1794,1449,5339
7,1795,1450
7,1796,1451
7,1797,1454,1772,2029,2115
7,735,1457
7,641,1460,4464
7,1798,1461
7,1799,1462,4524
7,1800,1467,2874
7,1801,1470,5598,5650
7,1802,1473
7,1803,1475,5637
7,1804,1476,5638
7,1805,1477,5639
7,1806,1479,5254,5641
7,383,1484
7,1807,1486
7,1808,1488
7,1809,1491
7,1810,1492,6349
7,1811,1494
7,45,1495,6320
7,48,1499
7,1812,1508
7,1813,1509
7,793,1515,1584,2119
7,1814,1517
7,1815,1518,1754,1817,2057
7,1816,1528
7,1817,1530,1615,5583
7,1818,1533
7,1819,1534
7,1820,1537,1612,1622,5589
7,1821,1539,1609,3659,4133
7,992,1540,1610,3660,4134
7,1822,1542,5277
7,1018,1546,1890
7,1823,1547
7,1824,1552,5361,5389,5829,5887,6348
7,93,1559,2642,2811,5660
7,774,1566
7,1825,1571,3440,3483
7,1826,1574
7,1827,1576
7,685,1577,3881
7,621,1579,5212
7,1828,1585,5892
7,112,1586,1944,2035,2189,2316,2334,2410,2975,3016,3032,3036,3521,3919,3932,3952,3963,3998,4416,5231
7,748,1588,2037,2066
7,1829,1591
7,1830,1593
7,1831,1598,6128
7,1832,1599
7,1833,1607,1888
7,1834,1614,5033,5048
7,1835,1617
7,1836,1618
7,1837,1623,3009
7,1838,1630
7,1839,1631
7,1840,1634
7,1841,1637
7,1842,1638,2625
7,1843,1641
7,1844,1647
7,1845,1659
7,974,1660,4223,4549,4741
7,512,1661
7,1846,1662
7,1847,1665
7,1848,1666
7,1849,1669
7,1230,1670
7,1850,1674
7,1851,1675,1998
7,1852,1677
7,1853,1678
7,1854,1684,4738
7,1855,1689
7,1856,1692,4418
7,1857,1696
7,1858,1707
7,1227,1715,4248
7,1859,1722
7,1091,1732
7,300,1734
7,1860,1736
7,946,1737
7,1861,1741,2041,2048,5116
7,1862,1742
7,1179,1744
7,1325,1745,2044
7,1863,1746
7,170,1749,5124
7,1864,1751,2051,2116
7,1865,1753,2056
7,906,1759
7,1866,1761,2288,5151,5172
7,384,1768,1808,6137
7,1867,1774
7,1868,1785
7,1869,1788
7,147,1790
7,782,1798
7,33,1811,2447,2909
7,1870,1814
7,1291,1827,1849
7,1871,1834
7,1872,1836
7,1873,1839,1853,2160
7,1874,1843
7,657,1852,3133
7,1875,1855
7,943,1859
7,1876,1860
7,1877,1863,2899,3785,5445
7,340,1866
7,1878,1867,2947
7,1879,1875
7,532,1876
7,6,1879,3179
7,1880,1882
7,1881,1884
7,1882,1886
7,1883,1892
7,144,1896,1946,1993,2039,2138,2157,3333,3875,4011,4870,4988,5368,5853,6194
7,681,1907,1938,3928
7,94,1917,3037
7,4,1918
7,826,1921,1985
7,1884,1922
7,1885,1925
7,1886,1927
7,1887,1929,2591,4922
7,1888,1936
7,1889,1937
7,23,1947,2290,2945
7,1890,1948
7,1891,1950,1964
7,1892,1951
7,1893,1966
7,1894,1967
7,1438,1968
7,1895,1969
7,1896,1971
7,1897,1972
7,1898,1974
7,620,1976,2354,3611,4959,5450
7,1899,1980
7,959,1982
7,1900,1986,4692,5130,5549,5994
7,898,1994,5015
7,264,1996,2150,3783,3826,3945,4146,4593,5720,6067
7,1901,1999
7,1902,2014,2193
7,1903,2022
7,1904,2024
7,1905,2026
7,1906,2027,5107
7,1907,2040
7,787,2042,5071
7,1908,2045
7,1909,2060,2238
7,1910,2067
7,1911,2070
7,155,2071,2180
7,1912,2073,3129
7,1913,2079
7,167,2092
7,1914,2098
7,1915,2108
7,1916,2109
7,1917,2111
7,1918,2112,6099
7,1919,2120
7,165,2130
7,1920,2139,3442
7,1921,2169,4537
7,247,2171,2184,2192,3929
7,1922,2174
7,1923,2175
7,111,2182,4414
7,1924,2183
7,1925,2190
7,1926,2195,5861,5873
7,1927,2197
7,34,2198
7,1928,2199
7,1929,2208,2357
7,1930,2209,2358,2879
7,1142,2211,3339,3455,4712
7,1931,2214
7,1932,2224
7,783,2228
7,1933,2234
7,1164,2235,6251
7,1934,2242
7,1935,2243
7,1936,2246,5424
7,1008,2249
7,1937,2250,5479
7,1938,2257
7,1939,2266
7,1940,2267
7,1941,2268
7,1942,2271
7,1943,2274
7,1944,2279
7,1945,2284
7,1946,2286
7,1947,2294,2323
7,1948,2307
7,1949,2309
7,1181,2314,5492
7,1950,2319
7,1951,2320
7,1952,2327,4260
7,1953,2329
7,354,2337,2508
7,1954,2338
7,1955,2340
7,1956,2345
7,1957,2348
7,1958,2372
7,1959,2373,2580,3182,4109,5349
7,1960,2377
7,1961,2382,3854,4476,4677,5196
7,1962,2384,2441,2855,3488,3830
7,1963,2389
7,1964,2392
7,1965,2394,6248
7,1966,2396
7,1967,2399,2651
7,125,2409,3128,4669,5707,6145
7,1968,2413,2696,3220,3344
7,500,2417
7,1969,2419
7,1970,2421
7,1971,2423
7,1972,2427
7,428,2428
7,1973,2431
7,1257,2435,2536,2551,2610
7,1974,2436,2486,2540,2574
7,1975,2438,2569
7,37,2451
7,1976,2454
7,1977,2458,4478
7,675,2463,2538
7,1978,2465
7,408,2466,5434
7,533,2471
7,1979,2472
7,359,2475
7,1980,2480
7,1981,2483
7,1982,2488,4361,5331
7,1983,2490
7,1984,2493
7,87,2498,4358
7,1985,2499
7,760,2509
7,1986,2513
7,1987,2514
7,1988,2525
7,1989,2527
7,1990,2529
7,1991,2531
7,546,2532
7,10,2533
7,1992,2535
7,1993,2537
7,154,2542
7,1994,2547
7,1995,2550
7,1996,2553
7,1997,2556
7,1998,2559,5246,5285
7,1999,2563,2736
7,2000,2571,2672
7,2001,2579
7,2002,2585,3063,3186,4064,4721
7,2003,2598,2963
7,2004,2611
7,2005,2612,3543
7,260,2615,4564,6357
7,2006,2617
7,2007,2619
7,2008,2621
7,2009,2622
7,419,2624
7,2010,2626
7,2011,2629
7,596,2630
7,2012,2632,2818,3798
7,2013,2633
7,2014,2635
7,647,2655,6083
7,1167,2663,5068
7,2015,2664
7,2016,2665
7,2017,2666
7,1311,2668,5974,6228
7,2018,2669
7,2019,2674
7,2020,2676,3382
7,2021,2681
7,2022,2692
7,2023,2708
7,2024,2711
7,2025,2713
7,2026,2719,5568
7,2027,2728
7,732,2730
7,2028,2735
7,2029,2748
7,2030,2751
7,2031,2753
7,2032,2755
7,2033,2758
7,1244,2761,3033,3964,4561,5710
7,2034,2762
7,2035,2764
7,2036,2768
7,2037,2771,3461,5098,5747
7,2038,2776
7,2039,2780,4318,4779,4918
7,2040,2781
7,2041,2782
7,267,2784,5784
7,2042,2786
7,2043,2789
7,2044,2791
7,2045,2793
7,2046,2794
7,2047,2796
7,2048,2798
7,2049,2807
7,2050,2808
7,2051,2810,2873
7,2052,2819,4516
7,2053,2820,6213
7,2054,2824
7,2055,2826
7,2056,2827,2843,3641
7,1225,2830
7,2057,2832
7,2058,2839
7,2059,2842
7,2060,2850
7,2061,2852,3259,3695
7,2062,2853
7,2063,2856,3884
7,2064,2857
7,2065,2865
7,2066,2867
7,2067,2869
7,2068,2871
7,2069,2876
7,2070,2887,4973
7,208,2890
7,420,2895,6162
7,559,2897
7,2071,2911
7,2072,2917
7,2073,2922,3591,3946
7,2074,2926
7,2075,2935
7,2076,2938
7,2077,2943
7,2078,2946
7,2079,2950
7,2080,2951,2968,3055,6199
7,161,2953,5782
7,2081,2958
7,2082,2959
7,2083,2965
7,2084,2967,6198
7,2085,2970
7,2086,2976
7,2087,2979
7,925,2981
7,2088,2984
7,1115,2995,3725
7,2089,3007,3661
7,2090,3012,3696
7,2091,3013
7,2092,3015,3207,3375,3496,5992
7,2093,3019
7,2094,3024
7,2095,3026,6076
7,2096,3027
7,2097,3029
7,313,3035,4562,4871
7,2098,3039
7,2099,3042,3044
7,2100,3047
7,2101,3050
7,2102,3058
7,135,3062,3158,5919,6123
7,2103,3077
7,2104,3079
7,2105,3083,3180
7,2106,3085
7,2107,3089
7,671,3091,3097,3144,3235,3550,6392,6409
7,2108,3095
7,2109,3108
7,387,3110,6082
7,2110,3111
7,2111,3117,3793
7,41,3119,3156,3162,3240,3275,3340,3436,3456,5037,5055
7,2112,3125
7,2113,3135
7,2114,3137,3426,3880,4932,6018
7,769,3139,5081,6062
7,2115,3145,3157,3762,6069
7,694,3150
7,466,3159,4156,5920
7,2116,3166
7,2117,3167
7,2118,3169
7,2119,3171,3336
7,2120,3172
7,470,3175,3434
7,480,3178
7,2121,3191
7,2122,3195
7,2123,3213
7,2124,3215,3272
7,174,3216,3278,5448
7,257,3228
7,119,3232
7,2125,3233
7,915,3236,3457,4847
7,2126,3244
7,2127,3247,6211
7,2128,3248
7,2129,3265,4324
7,1207,3267
7,2130,3270
7,2131,3276
7,2132,3280
7,2133,3281
7,1185,3284,3732,4808,4885,6041
7,541,3286,6049
7,766,3287,4886,5193
7,2134,3288
7,2135,3290
7,2136,3291
7,2137,3292,4174
7,2138,3293
7,2139,3298
7,2140,3309
7,195,3311
7,357,3313
7,2141,3314
7,2142,3316
7,413,3318
7,24,3319
7,2143,3322,3512
7,758,3325
7,2144,3326,5283
7,2145,3332
7,2146,3337,3347,3421
7,722,3350
7,2147,3368
7,2148,3373
7,211,3379
7,2149,3386
7,2150,3388
7,2151,3390
7,2152,3396
7,2153,3419
7,765,3420
7,2154,3425
7,2155,3432
7,2156,3438
7,1334,3459
7,2157,3466
7,2158,3471
7,2159,3475
7,2160,3486
7,2161,3490
7,2162,3492
7,2163,3493,5759
7,2164,3494
7,2165,3499
7,2166,3513
7,2167,3515,3569
7,2168,3516
7,1289,3519
7,2169,3522
7,226,3524
7,2170,3536
7,2171,3540
7,944,3544,4584
7,2172,3547,3645
7,2173,3551
7,2174,3553
7,2175,3564
7,2176,3571
7,2177,3579
7,2178,3581
7,2179,3586
7,2180,3589
7,293,3592,3955,3966
7,2181,3593
7,2182,3598,3741,3768,6217
7,2183,3599,3742
7,2184,3613,3650,4695
7,2185,3617
7,60,3618
7,2186,3623
7,2187,3625
7,2188,3630
7,2189,3631
7,2190,3632,3887
7,2191,3634,6436
7,2192,3639
7,2193,3642
7,2194,3647,5590
7,2195,3651
7,2196,3657
7,2197,3663
7,2198,3665
7,2199,3666
7,2200,3667
7,2201,3670
7,2202,3673
7,2203,3675
7,2204,3676
7,2205,3677
7,2206,3679
7,2207,3685
7,2208,3690
7,2209,3692
7,2210,3693
7,2211,3697
7,2212,3699
7,2213,3708
7,904,3717
7,2214,3719
7,2215,3721
7,2216,3733,6042
7,2217,3736
7,2218,3738
7,2219,3748
7,2220,3749
7,2221,3752,3828,4168,4189
7,2222,3753,4828,6326
7,2223,3754,4829
7,2224,3758
7,1362,3771
7,2225,3774
7,2226,3781
7,2227,3789
7,2228,3794
7,2229,3796,4632
7,2230,3799
7,2231,3808
7,780,3821,5017
7,2232,3824
7,2233,3831,3873,4044,4763,4821,5126
7,2234,3836
7,365,3840
7,2235,3842,5985
7,2236,3843,5208,5986,6017
7,2237,3848
7,2238,3851
7,2239,3853,4475
7,2240,3859
7,2241,3863
7,593,3866
7,588,3870
7,2242,3876
7,2243,3882
7,274,3883,5484
7,2244,3886
7,2245,3891
7,2246,3893
7,2247,3910
7,2248,3912
7,2249,3915
7,2250,3917,4953,5973
7,736,3933,4167,4849
7,2251,3948
7,370,3957,5414
7,2252,3959
7,2253,3961
7,2254,3971
7,2255,3976
7,901,3978,6288,6340
7,2256,3980,5460
7,2257,3985
7,2258,3994
7,2259,4008
7,2260,4012
7,2261,4015
7,2262,4016
7,323,4019
7,2263,4024,5939
7,2264,4029
7,2265,4030
7,2266,4031,4089
7,2267,4035
7,528,4037,4938
7,2268,4038,4041,5680
7,2269,4040
7,2270,4047
7,71,4050
7,404,4056,4931
7,2271,4058
7,2272,4060
7,2273,4061
7,2274,4078
7,2275,4082
7,2276,4083,4099
7,2277,4098
7,2278,4136
7,2279,4137
7,2280,4154
7,2281,4157,5278
7,2282,4159
7,2283,4161
7,2284,4164
7,2285,4175
7,2286,4177
7,18,4183
7,2287,4187
7,2288,4190
7,2289,4193
7,2290,4199
7,73,4207,5365
7,2291,4214
7,2292,4215
7,2293,4216
7,2294,4218
7,2295,4219
7,2296,4222
7,2297,4224
7,2298,4225
7,612,4233
7,2299,4235
7,2300,4247
7,2301,4257,4378
7,2302,4266,4272
7,2303,4271
7,2304,4273
7,2305,4276
7,2306,4277
7,2307,4279
7,2308,4280
7,2309,4284
7,2310,4287
7,2311,4293
7,2312,4297
7,2313,4299
7,2314,4307
7,2315,4311
7,2316,4317
7,2317,4319
7,2318,4326
7,2319,4330
7,2320,4334
7,2321,4335,4637
7,2322,4336
7,2323,4339
7,2324,4340
7,2325,4342
7,2326,4343
7,2327,4345
7,2328,4346
7,2329,4347
7,2330,4348
7,2331,4350
7,2332,4352
7,2333,4353
7,2334,4354
7,2335,4355
7,2336,4359
7,2337,4360
7,2338,4362
7,2339,4363
7,330,4366,5656
7,2340,4368
7,301,4369,5049,5855
7,2341,4374
7,2342,4377
7,2343,4379
7,2344,4380
7,2345,4389
7,2346,4390
7,2347,4399
7,2348,4408
7,2349,4410,6121
7,1254,4412
7,2350,4423
7,2351,4427
7,2352,4430
7,2353,4432
7,2354,4434
7,2355,4436
7,2356,4439
7,181,4440,5798
7,2357,4441
7,2358,4443
7,2359,4444
7,2360,4446
7,2361,4449
7,2362,4451
7,2363,4453
7,2364,4455
7,2365,4456
7,1373,4458
7,585,4462
7,710,4465
7,2366,4468
7,2367,4469
7,2368,4483
7,945,4487
7,655,4488,4492
7,2369,4494
7,2370,4496
7,2371,4507
7,2372,4509
7,2373,4513
7,2374,4519,6219,6227
7,2375,4521
7,2376,4522,4717
7,2377,4528
7,2378,4531
7,2379,4540
7,792,4546,4869
7,2380,4555
7,1146,4568,5472
7,2381,4572
7,218,4574
7,2382,4575
7,2383,4577
7,2384,4581
7,2385,4588
7,2386,4590,4620
7,2387,4591,4621
7,2388,4598
7,193,4608,6412
7,2389,4613
7,386,4615,5937
7,2390,4617,4742,5370
7,2391,4623
7,2392,4626
7,2393,4628
7,2394,4630
7,2395,4634
7,2396,4638
7,2397,4639
7,2398,4646
7,2399,4648
7,2400,4649
7,520,4663,5970
7,2401,4670
7,2402,4672
7,2403,4681,4860,6169
7,2404,4683
7,2405,4685
7,2406,4686
7,1431,4687
7,2407,4696
7,2408,4710
7,2409,4715
7,2410,4716
7,2411,4719
7,2412,4720
7,2413,4725
7,2414,4727
7,2415,4735
7,2416,4736,4768
7,2417,4746,4753
7,2418,4748
7,2419,4749
7,2420,4750
7,2421,4756
7,2422,4759
7,2423,4774
7,2424,4775
7,2425,4781
7,2426,4786
7,2427,4787
7,2428,4789
7,2429,4790
7,2430,4792,5832
7,2431,4795
7,2432,4797
7,2433,4809
7,1053,4811,6088
7,2434,4815
7,2435,4824
7,2436,4831
7,2437,4839
7,2438,4842
7,2439,4843
7,2440,4853
7,1252,4855
7,2441,4857
7,688,4859,5930
7,2442,4866
7,1328,4868
7,2443,4872
7,2444,4873
7,2445,4878
7,2446,4881
7,1129,4882
7,2447,4889
7,477,4895
7,2448,4897
7,2449,4898
7,2450,4911
7,2451,4916
7,2452,4928
7,2453,4947
7,2454,4948
7,2455,4950,6164
7,2456,4961,5452
7,1221,4964
7,2457,4965
7,348,4966
7,2458,4967
7,2459,4970
7,2460,4971
7,2461,4975
7,2462,4977
7,435,4990
7,2463,4994
7,2464,4997
7,2465,5007
7,1141,5010
7,2466,5026
7,61,5027,5045,5129
7,2467,5030
7,2468,5034
7,2469,5036
7,2470,5039
7,2471,5041
7,834,5052
7,2472,5053,5382
7,190,5061
7,2473,5064
7,2474,5065
7,2475,5069
7,2476,5075
7,2477,5091
7,2478,5095
7,2479,5109,5842
7,1020,5110
7,1070,5113
7,2480,5115
7,2481,5120
7,2482,5136
7,2483,5139
7,2484,5141
7,2485,5143
7,1001,5146
7,2486,5153,5176,5187
7,255,5154,5177
7,2487,5157
7,871,5161,5667,5699,5852
7,2488,5164
7,2489,5166
7,2490,5189
7,2491,5191
7,2492,5215,5458,5858,6126
7,2493,5218,5921
7,2494,5220
7,353,5222
7,2495,5224
7,437,5229
7,2496,5232
7,2497,5236,5436,5521
7,2498,5238
7,2499,5239
7,2500,5247,5286
7,2501,5248
7,2502,5251
7,2503,5255
7,2504,5256,5429,5633
7,2505,5257,5634
7,747,5258,5632,5684
7,622,5264,5687
7,2506,5268
7,2507,5272
7,2508,5276
7,2509,5279
7,2510,5280
7,2511,5287
7,2512,5295
7,2513,5298
7,2514,5299
7,2515,5307
7,2516,5308
7,2517,5309
7,2518,5310
7,2519,5312
7,2520,5313
7,2521,5314
7,2522,5317
7,2523,5320
7,2524,5321
7,2525,5326
7,2526,5328
7,2527,5330
7,2528,5332
7,2529,5333
7,2530,5334
7,2531,5338
7,304,5347
7,788,5373
7,88,5375,5407
7,2532,5376,5408
7,2533,5384
7,1262,5393
7,2534,5410
7,2535,5417
7,2536,5422
7,2537,5426
7,2538,5430
7,2539,5432
7,2540,5433
7,2541,5455
7,2542,5461
7,324,5469
7,2543,5470
7,649,5475
7,1281,5481,6177
7,2544,5483
7,2545,5486
7,2546,5488,5507
7,2547,5494
7,402,5496
7,2548,5497
7,2549,5499,5795
7,2550,5509
7,2551,5511,5764
7,1116,5513,5766
7,2552,5517
7,2553,5518
7,2554,5527
7,2555,5529,5536
7,2556,5532
7,2557,5533
7,2558,5534,6368
7,2559,5540
7,2560,5541
7,2561,5545
7,2562,5546
7,2563,5553
7,529,5559
7,2564,5562
7,2565,5581
7,2566,5582
7,25,5592
7,2567,5608
7,2568,5616
7,2569,5620
7,2570,5622
7,2571,5625
7,2572,5626
7,1015,5628
7,410,5630
7,2573,5647
7,2574,5670
7,2575,5696
7,2576,5724
7,1367,5725,6098
7,2577,5727
7,2578,5730
7,2579,5750
7,2580,5751
7,2581,5754,5837
7,2582,5757
7,2583,5761
7,836,5769
7,2584,5774
7,2585,5779
7,789,5785,6138,6143
7,139,5789
7,2586,5790
7,2587,5792
7,2588,5799
7,2589,5807
7,2590,5809
7,2591,5811
7,2592,5815
7,2593,5834
7,242,5835
7,2594,5844
7,645,5848
7,2595,5862,6014
7,2596,5868
7,2597,5874
7,2598,5876
7,2599,5878
7,2600,5879,6125
7,2601,5880
7,2602,5883
7,277,5891
7,2603,5899
7,2604,5907
7,2605,5909
7,2606,5913
7,2607,5925,6185
7,2608,5926
7,893,5927
7,2609,5933
7,2610,5934
7,2611,5935
7,2612,5944
7,2613,5945
7,2614,5959
7,142,5963,5980
7,2615,5965
7,1274,5967
7,2616,5971
7,1420,5976
7,2617,5979
7,2618,5983
7,461,5989
7,1267,5996
7,2619,5997
7,2620,6008
7,742,6011
7,35,6019
7,2621,6022
7,117,6032
7,2622,6033
7,2623,6035
7,590,6037
7,2624,6038
7,2625,6040
7,2626,6044
7,2627,6046
7,2628,6047
7,2629,6051
7,2630,6053
7,415,6055
7,2631,6057
7,537,6059,6072,6080
7,2632,6060,6118
7,179,6068
7,2633,6077
7,2634,6086
7,511,6092
7,1180,6093
7,686,6107
7,1347,6108
7,2635,6109
7,291,6113
7,2636,6115
7,2637,6116
7,2638,6150
7,2639,6156
7,2640,6159
7,2641,6166
7,2642,6171
7,2643,6173
7,2644,6179
7,707,6181
7,2645,6196
7,2646,6197
7,687,6208
7,666,6209
7,2647,6218
7,2648,6230
7,2649,6232
7,2650,6237
7,2651,6239
7,2652,6241
7,938,6243
7,939,6244
7,2653,6249
7,2654,6253
7,548,6255
7,2655,6257
7,2656,6260
7,2657,6261,6317
7,604,6264,6272
7,2658,6265
7,2659,6267
7,2660,6268
7,2661,6274
7,2662,6275
7,2663,6278
7,2664,6280
7,2665,6282
7,2666,6285
7,2667,6286
7,2668,6289
7,2669,6293
7,1177,6294
7,2670,6296
7,2671,6307
7,2672,6308
7,2673,6311
7,2674,6314
7,2675,6321,6328
7,2676,6322
7,2677,6325
7,2678,6331
7,2679,6334
7,2680,6336
7,2681,6337
7,2682,6341
7,740,6345
7,2683,6346
7,2684,6351
7,244,6352
7,287,6355
7,2685,6365
7,700,6371
7,969,6374
7,2686,6375
7,2687,6376
7,2688,6379
7,2689,6381,6418
7,2690,6383
7,2691,6384
7,2692,6386
7,2693,6387,6421
7,911,6395
7,1187,6397
7,2694,6399
7,2695,6407
7,2696,6411
7,2697,6415
7,2698,6416
7,120,6425
7,2699,6427
7,2700,6428
7,2701,6430
7,2702,6431
7,2703,6433
7,2704,6437
8,643,0,720,1898
8,12,1,5,19,41,60,85,96,169,182,191,195,231,261,264,298,309,349,360,369,438,444,450,458,462,466,489,496,512,527,532,544,559,569,577,583,591,608,633,644,695,709,730,735,739,764,768,785,797,807,848,851,856,861,872,896,923,928,934,943,948,968,989,1038,1059,1072,1083,1088,1125,1140,1160,1185,1212,1248,1253,1286,1320,1324,1384,1412,1471,1474,1491,1524,1545,1548,1563,1573,1599,1642,1687,1691,1718,1756,1760,1767,1791,1810,1814,1825,1867,1894,1908,1931,1949,1953,1964,2008,2034,2042,2052,2087,2133,2146,2157,2162,2166,2179,2281,2292,2299,2314,2324,2330,2349,2386,2398,2465,2482,2496,2511,2539,2561,2576,2585
8,123,2
8,124,3
8,2705,6
8,2706,7,24,159
8,66,8,11,34,92,111,138,199,223,235,249,312,347,443,529,535,595,617,637,713,830,876,979,1046,1130,1142,1148,1171,1179,1227,1251,1336,1398,1417,1537,1589,1634,1710,1790,1857,1930,1998,2050,2069,2081,2137,2266,2298,2309,2323,2381,2414,2492,2525,2584,2587
8,184,9,30
8,1008,10,578,696,740,769,1815,1954,2077,2318
8,2412,12
8,2707,13
8,187,14
8,2708,16
8,2709,18
8,1871,20,675
8,30,23,47,791,1089
8,2710,25
8,134,26,356,536,859,892,1593,1670,2065,2418
8,803,28
8,399,29,746,774,1357,1616
8,2711,32,1576
8,497,35,456,1197
8,2712,36
8,133,37,213,385,419,486,515,542,648,866,1093,1109,1119,1133,1449,1455,2195,2383
8,19,38,1319
8,175,39,251,339,355,498,725,827,883,895,914,927,1032,1225,1230,1241,1246,1592,1669,1736,1769,1840,1854,1910,1981,1995,2041,2117,2175,2212,2263,2368,2379
8,2713,40
8,2714,42,2534
8,1011,43,113,1350,2074,2158,2535
8,610,45,99
8,773,48
8,1181,49
8,1797,50
8,691,52
8,2369,53,1472
8,424,54,334,376,454,747,775,795,1152,1271,1783,1923,2059,2112,2169,2335,2415,2486
8,2715,55
8,306,56,293,760,1274,1559,1911,2048,2420,2427,2441
8,2716,57
8,2717,58
8,2718,62,124,184,266,477,540,711,863,950,1062,1693,2044,2067,2168,2183,2407,2484,2541
8,1487,63,119,132,599,951,2109,2542
8,1451,65,954,1294,2222,2246,2274,2449
8,2719,67,1296,2224,2248,2276,2451
8,74,69,1298,1847,1988,2226,2250,2278,2453
8,2720,72
8,2721,73
8,26,78,115,242,331,624,960,983,1009,1264,1860,2149,2182,2518
8,1,79,332,445,520,857,990,1328,1475,1715,2283,2295,2370
8,220,80,253,333,1073,1329,1444,1476,2568
8,287,81,1478,2153
8,2722,83
8,555,84
8,629,86,2399
8,2723,87
8,2724,89
8,2725,90
8,259,91
8,2726,93
8,2727,94,233
8,1091,95,239,2538
8,560,97,463
8,2728,107
8,2729,109
8,2730,112
8,2731,116,586,634,786,821,1226,1267,1492,1770,1798,1817,1841,1888,2080,2325,2380
8,1799,117,587,822,1268,1493
8,2732,118,165,509
8,619,128
8,2733,131
8,2734,134
8,2735,137,572,611,622,625
8,1322,139,1617
8,404,141,161,1564,2513
8,2736,143,660,2521
8,2737,144,661,2522
8,2738,145,662,2523
8,105,146,415,663,869,1636,2524,2555
8,25,148
8,949,150,654,1025,1487,1744,2376
8,2739,151
8,486,152
8,2740,155
8,2741,162,758
8,667,164,274,499,508,836,1426
8,1304,166
8,1010,167,211,259,510,541
8,131,168,582,1473,1651
8,2233,170,262,1213,1325,2180
8,2364,172
8,2115,173
8,313,174,1551
8,926,175,2591
8,79,176,1511,2260
8,83,177,277
8,2742,179
8,122,180,449,468,562,762,2152,2186,2469,2592
8,2743,187
8,2744,188
8,2073,189
8,2745,190
8,2746,193
8,2747,196
8,2748,207
8,2749,208
8,1557,210,593
8,22,212,384,580,714,794,816,879,918,1127,1239,1424,1477,1523,1631,1648,2348
8,2750,214
8,2751,216
8,2752,217
8,2623,219
8,433,221
8,2216,222
8,2447,224
8,427,226
8,188,228,674
8,1819,229
8,2375,230
8,1467,232,677,1149,2053,2150,2254,2286,2456
8,2753,236
8,2754,237
8,2755,238
8,2756,240
8,2757,243,1161
8,501,244,1150,1162,2089,2287
8,2758,247
8,2759,248
8,1418,250,1085,1151,1445
8,5,252,269,346,1481,1684,1877,2018,2218,2253,2270,2567,2570
8,915,254
8,80,255,320,1052,1450,1680,1695,2143,2572
8,1624,256
8,2760,257
8,96,263,393,1112
8,2761,270,1137
8,1198,273,1244
8,2762,275
8,2763,279
8,387,281,313
8,113,283,715,2215
8,144,284,420,431,2546
8,2385,285
8,1595,288
8,386,290,727,1730
8,1475,291
8,688,294,519,1275
8,222,296,1577
8,820,299
8,1900,307
8,2172,310
8,2764,314
8,2765,315
8,470,318,756,1050,1566,1597,1944
8,243,321,507,1252,2307
8,2696,323,1799,1939
8,1183,324
8,244,326,2565
8,2766,329
8,156,335,377,998,1153,1785,1925,2060,2488
8,2767,337
8,2768,338
8,1930,340,497,681,1619
8,2085,342,680
8,2769,343
8,2770,344
8,1282,345,1423
8,81,348,880,909,1365,1741,1866,2007,2073,2093,2231,2236,2321
8,271,350
8,2771,353
8,1341,354
8,2772,357
8,2773,358,2209
8,428,361,1546,1555,1588
8,112,363,2216
8,2774,364
8,178,366,844
8,2775,370
8,2776,372
8,545,374
8,2777,375
8,1910,378
8,812,379
8,2778,381
8,258,382,517,975,1159,1184,1233,1281,1707,2095,2132,2145,2189,2269,2479,2495
8,2779,383
8,2111,386
8,125,387,1064,1645
8,2780,388
8,11,389,414,1023,1098,1208,1572,1639,2156
8,1665,390,1099
8,44,391,1116
8,517,392
8,604,394
8,2781,396
8,641,398,2573
8,2782,399,2574
8,923,408
8,2783,409
8,195,410
8,1241,413
8,436,422
8,158,423,1019,1745,2553
8,2784,424
8,1233,433,2549
8,6,435,1768,1909,2040
8,1311,437,2554
8,2785,440,1772,1792,1912,1932
8,2786,442
8,164,446
8,2787,447
8,2788,448
8,418,451
8,197,452,1207,2589
8,60,459,592,610,852,944
8,852,460
8,1142,465,1459,2211
8,1216,467,490,656,667,689,724,2284,2577
8,121,469,1114
8,1293,470,1429,2578
8,1369,473,2581
8,557,480,560,1084,1249,1811,1895,1950,2035
8,529,481,687,748,776,926,966
8,518,482,1561,1738,1762,1869,2010
8,520,484,688,792,884,893,915,963,1033,1531,1640,1822,1836,1961,1975
8,2789,485
8,582,487,1041,2085
8,35,488,1758,1831,1970
8,94,492
8,2790,493
8,110,494
8,1109,513
8,2791,514
8,1874,516
8,228,518,1443,1529,2096,2208
8,2792,521
8,544,523
8,2793,524,742
8,2794,525,743
8,2795,528
8,2796,530
8,2797,533
8,2183,537
8,494,539,652,665,1425
8,2798,545
8,2799,546
8,2342,547,1355,1643
8,2800,548
8,2801,550
8,2802,553
8,55,555,1144
8,2803,556
8,2804,557
8,1408,561,707,854,946
8,2805,565
8,2806,567,1343
8,214,570,596,653,2070
8,2235,571
8,218,574,692,1120,1237
8,2807,575,693
8,2064,579,697,2293
8,2808,581
8,1449,584,1265,2088
8,2809,589,645,726,1231,1270,1408,1507,1899,1938,1956,1982,2027,2082,2382
8,2002,594,969
8,2810,597,731
8,1709,598,732
8,974,609,980,1043,1525
8,2811,613
8,2812,618,771
8,2813,627,814
8,2814,629
8,2815,631
8,2816,635,646,737,787
8,2817,638
8,2818,640
8,2819,642
8,229,649,716,987,1272,1865,2031,2344,2478
8,2820,650
8,2031,655,666,1183
8,2821,658
8,2822,668,2556
8,1342,670
8,2823,672
8,2576,678,793
8,2554,682
8,2824,683
8,1712,684
8,2825,686,723,1349,1366
8,2826,718
8,987,721
8,269,728,1016
8,2827,729
8,2828,733,815,898,929
8,2829,736
8,1045,744,772
8,620,749,777,799,2507
8,2830,750
8,1325,751,779,882,913,1031
8,1326,752,780,894,1111
8,2831,754,782,1773,1793,1873,1913,1933,2014
8,2832,761
8,2833,765
8,1115,766
8,2834,778
8,145,789,1092,1108,1194
8,2835,796
8,2836,798
8,2837,808,846,935,1017,1113
8,2838,809,936
8,2839,810,937
8,2840,811,829,938
8,1187,812,939
8,2841,817
8,1534,818
8,2842,825
8,2843,826
8,2844,828
8,2845,831
8,2846,832
8,2847,837
8,2848,843
8,2026,849
8,2849,853,945
8,661,865
8,101,867,1010,2410,2487
8,252,868,1941
8,2850,870
8,2851,873
8,605,875,1716
8,2852,877
8,2853,881
8,370,886,1543,1890,2029
8,204,889
8,2854,890
8,1148,897
8,1361,910
8,84,911,2425
8,563,912,1030
8,2452,921
8,2647,924,1590,1737,1761,1837,1868,1885,1977,2009
8,1266,925,1145,1553,1586,1591,1653,1740,1764,1789,1823,1838,1871,1886,1929,1942,1962,1978,2012,2371
8,2855,931
8,2856,932
8,2857,941
8,865,955
8,934,956
8,2858,958
8,2656,961
8,889,965
8,42,970,1311,1521,1568,1779,1919,2343
8,2859,971
8,2860,973
8,32,974,1012
8,2861,977
8,2862,978,984
8,2150,981
8,36,986
8,2863,988
8,37,995
8,52,997,1013,1036,1345
8,728,999
8,97,1007
8,2864,1011
8,2865,1014
8,2866,1015
8,2039,1018
8,1539,1020
8,2867,1022
8,668,1024
8,2868,1026,1039
8,2869,1028
8,41,1035
8,2870,1037
8,2871,1044
8,2872,1045
8,2873,1048
8,215,1053,2113
8,255,1054,2411
8,2874,1057
8,2875,1060
8,160,1068
8,1825,1069,1121,2355
8,2876,1071
8,95,1075
8,2877,1076
8,56,1077
8,736,1079
8,1222,1082
8,2878,1090
8,2033,1094
8,1929,1096
8,2879,1097
8,2880,1110
8,2881,1115
8,479,1118,1454
8,2882,1122
8,2883,1124
8,2884,1126
8,1610,1128
8,340,1129,1173,1279,2099,2308,2586
8,61,1131,2310,2588
8,1420,1132,2296
8,298,1134
8,2885,1136
8,2158,1138
8,102,1141
8,2886,1143
8,967,1147
8,2887,1155
8,2888,1158
8,2889,1166
8,2890,1167,2097
8,572,1169
8,2891,1174
8,1012,1176,1181,1216,1238,1351,1370,1748,2131,2147
8,2892,1186
8,46,1189
8,24,1191,2072,2124,2177,2194,2230,2528
8,806,1193
8,1243,1198
8,2893,1209,2232
8,2072,1210
8,2894,1215
8,299,1217,1749
8,49,1219
8,29,1222
8,73,1223,1228,1362,1535,1775,1795,1844,1880,1935,1985,2021
8,2895,1224
8,2896,1229
8,2897,1234
8,2898,1235,2364
8,2899,1240
8,2900,1242
8,847,1243
8,1186,1245
8,2901,1247
8,1256,1250,2134
8,434,1254
8,1398,1257
8,2,1258,1368,1747
8,223,1259,1527,1720,1864,2462
8,2021,1260
8,2902,1262
8,1036,1273
8,18,1276
8,2903,1278
8,2904,1280
8,1904,1282
8,2905,1283
8,2906,1284
8,2907,1287
8,2908,1290
8,2909,1291
8,2910,1307
8,1977,1308
8,2911,1309
8,2912,1310
8,2045,1312
8,1640,1313
8,2134,1314
8,2913,1315
8,2914,1316
8,2915,1317
8,585,1321,1826,1965
8,534,1322,2347
8,141,1331,1338
8,1154,1332
8,2916,1333
8,523,1334,1340
8,2917,1339
8,457,1344,1358,1391,1422,1428,1526,1595
8,686,1346
8,1227,1348
8,1891,1353
8,2918,1356
8,731,1372,1751
8,2919,1375
8,2920,1376,1385
8,75,1378
8,76,1379
8,33,1382,1754
8,951,1386,1861
8,2921,1388
8,657,1390
8,2922,1393
8,2923,1395
8,2924,1397
8,2925,1399
8,368,1410
8,2926,1413
8,2927,1418
8,2928,1427
8,2929,1433
8,1429,1435
8,2930,1436,1550,1567,1812,1839,1862,1951,1980
8,2931,1437,1448,2243
8,2932,1438
8,2933,1440
8,1739,1441
8,2934,1447,1658
8,506,1451
8,2935,1452
8,1313,1456
8,1314,1457
8,2936,1460
8,1438,1466
8,659,1467
8,186,1469
8,2937,1470
8,2938,1480
8,2939,1482
8,2940,1483
8,446,1488,1685,2120,2141
8,960,1489
8,2941,1494
8,50,1496
8,51,1497
8,1289,1509
8,2942,1510
8,2943,1515
8,1179,1516
8,471,1517
8,2944,1522,1579,1765
8,2945,1528
8,2946,1532
8,2947,1536,1776
8,2948,1538,1915
8,2949,1539,1916
8,2950,1541
8,262,1549
8,458,1554,1587
8,1536,1560
8,1166,1562
8,787,1569,1808,1947
8,2698,1571
8,2693,1574
8,514,1580
8,603,1582,1688
8,2951,1583
8,1221,1584
8,1491,1607
8,2344,1608
8,2952,1611
8,2953,1612
8,2954,1613
8,1678,1614
8,1185,1618
8,2955,1620
8,1379,1621,1666
8,1228,1622
8,1229,1623,1625,1656,1667
8,1397,1626
8,747,1627
8,384,1629,1818,1957
8,254,1630,1819,1958
8,1456,1632
8,2956,1633
8,57,1635
8,757,1637,2545
8,2957,1638
8,2434,1646
8,1667,1647
8,2958,1649
8,2959,1652
8,2960,1655
8,2390,1659,1828,1967,2551
8,1441,1668
8,78,1671
8,2961,1674
8,612,1677
8,2962,1679
8,2963,1682
8,766,1689,1719,2354
8,2964,1696
8,100,1699
8,2965,1709
8,2966,1711
8,633,1712,2261
8,294,1713
8,344,1721
8,2967,1723
8,2968,1724
8,2969,1727
8,247,1732
8,111,1734,2213
8,2970,1735,2367
8,2971,1742
8,265,1746
8,2972,1757
8,2973,1780
8,532,1784,1924,2064
8,2974,1786,1926
8,2975,1788
8,2976,1796
8,1347,1820,1959
8,1836,1821
8,663,1824,1963,2514
8,2977,1830,1969
8,2978,1833,1972
8,2979,1834,1973
8,349,1850,1991
8,1230,1853,1994
8,1406,1855,1996
8,2980,1856,1997
8,2981,1858,1999
8,718,1863
8,2560,1878,2019
8,2982,1881,2022
8,1505,1892,2032
8,742,1896,2036
8,2983,1920
8,2984,1928
8,2985,1936,2174
8,1086,1940
8,749,1945
8,2986,1960
8,2987,2025
8,332,2046
8,2988,2047
8,2989,2049
8,2990,2051
8,142,2054,2151,2466
8,1414,2056,2468
8,2182,2061
8,210,2063,2316
8,553,2068
8,595,2071,2184
8,2991,2076
8,821,2078
8,2992,2091
8,1901,2094
8,154,2108
8,2993,2110
8,2994,2111
8,2147,2114
8,2995,2116
8,2403,2118,2139
8,2996,2122
8,2997,2126
8,2998,2127
8,300,2128
8,592,2129
8,2999,2130
8,3000,2136
8,3001,2138
8,1372,2142
8,3002,2144
8,3003,2155
8,3004,2160
8,533,2163,2315,2346
8,3005,2164
8,3006,2170
8,3007,2172
8,23,2176,2229
8,3008,2185
8,3009,2188
8,3010,2190
8,3011,2191
8,3012,2193
8,1173,2196
8,495,2197,2240,2369,2459,2497
8,3013,2198
8,3014,2199
8,3015,2207
8,1579,2214
8,3016,2217
8,3017,2228
8,1588,2233
8,303,2234
8,1415,2237
8,3018,2238
8,301,2242,2392
8,3019,2255
8,758,2256
8,3020,2258
8,3021,2259
8,3022,2265
8,1845,2268
8,3023,2271
8,3024,2280
8,3025,2282
8,1107,2288
8,472,2289,2372,2529
8,1049,2291
8,452,2311
8,58,2319,2377
8,59,2320,2358
8,3026,2322
8,1084,2326
8,3027,2328
8,3028,2329
8,308,2331
8,3029,2333
8,54,2336
8,513,2339
8,1776,2345
8,615,2350
8,3030,2353
8,1020,2357
8,3031,2359
8,3032,2362
8,3033,2363
8,279,2366
8,3034,2374
8,3035,2378
8,3036,2384
8,2372,2387
8,264,2389
8,979,2391
8,1443,2393
8,3037,2395,2435
8,3038,2396,2436
8,3039,2413
8,3040,2417
8,3041,2421
8,3042,2422
8,1112,2423
8,3043,2426
8,3044,2428,2442
8,3045,2430,2444
8,550,2431
8,3046,2433,2446
8,3047,2438
8,3048,2439
8,273,2440
8,2250,2455
8,3049,2457
8,3050,2461
8,1939,2463
8,1291,2464
8,3051,2471
8,2076,2474
8,3052,2475
8,3053,2476
8,1997,2477
8,3054,2480
8,574,2489
8,3055,2491
8,3056,2493
8,3057,2494
8,3058,2498
8,2306,2509
8,3059,2515
8,3060,2516
8,2114,2519
8,3061,2526
8,3062,2537
8,3063,2558
8,3064,2562
8,3065,2564
8,219,2566
8,213,2593
8,3066,2596
9,3067,1
9,12,3,6,52,73,94,128,154,176,257,269,311,370,376,391,408,431,442,458,462,476,491,513,516,534,577,591
9,2961,4
9,175,5
9,1445,7
9,3068,8
9,3069,9
9,51,10
9,74,13
9,1259,16
9,2073,17
9,37,18,283
9,22,20,62,75,139,207,284,295,328,333,375,473,490,529,544,561
9,1591,23
9,3070,24
9,424,25,96,119,190,249,532
9,2956,27
9,2306,28,339
9,1211,29,70
9,3071,30
9,26,32,90,170,182,317,373,581
9,557,33,183,322,467
9,85,35,324
9,113,37,64,209,358,378
9,1825,39
9,3072,41
9,1814,42
9,1873,43
9,55,44,161,225,232,336,574
9,3073,45
9,56,46,227,233,337,576
9,3074,47,223
9,1289,49
9,78,50,131,237
9,3075,51
9,1739,53
9,501,55,63,118,155,179,208,244,258,270,377,557,613
9,228,57,60,69,510,607
9,2114,58,312,357
9,66,59,85,112,125,153,163,255,294,364,379,484,558
9,3076,61
9,3077,65
9,2111,66,211
9,544,68
9,3078,72
9,3079,74
9,3080,76
9,105,77,253,266,411
9,313,78
9,112,79,217
9,119,80
9,3081,81
9,258,82,199,414
9,497,83,562
9,3082,84
9,848,86
9,84,87
9,1886,91
9,1418,92,184,308
9,1,95
9,1217,97,191
9,2879,99
9,3083,107
9,3084,109
9,2765,110,121
9,1374,111
9,3085,113
9,1280,114
9,1271,115
9,141,117,148,423,520,570
9,3086,120
9,2483,123
9,3087,124
9,3088,126
9,3089,129
9,347,133
9,3090,134
9,3091,136
9,223,137,326,334
9,3092,138
9,11,140,241,422
9,101,141,528
9,545,144,296
9,3093,145,188,470
9,3094,146
9,142,149
9,767,150,351
9,273,151,443
9,274,152,444
9,3095,156
9,3096,158
9,3097,159
9,401,162
9,3098,164
9,3099,167
9,3100,168
9,3101,171
9,3102,173
9,3103,174
9,2706,177
9,3104,180
9,919,187
9,1224,193,477,552
9,3105,194
9,3106,197,356,392
9,63,198,248
9,3107,210
9,3108,213
9,3109,214
9,133,218,267,288,482
9,3110,219
9,1202,220
9,1665,224
9,1702,226
9,520,228
9,3111,231
9,57,234
9,97,235
9,81,238
9,3112,239
9,44,240
9,3113,242
9,770,243
9,3114,245,555
9,2012,247
9,156,250
9,30,251,599
9,3115,254
9,3116,256
9,3117,260
9,659,261,275
9,1346,262
9,2092,264
9,3118,268
9,386,272,381
9,2216,273,382
9,1142,277,597
9,243,279
9,452,280
9,3119,282
9,2738,286
9,3120,287,522
9,649,289
9,3121,291
9,3122,292
9,46,298,448
9,3123,307,483
9,3124,310
9,436,315
9,2455,318
9,3125,319
9,219,320
9,5,321,466,498
9,3126,327
9,70,329
9,2607,330
9,3127,332
9,161,335
9,499,342
9,404,343
9,3128,345
9,2375,349
9,3129,350
9,3130,353
9,3131,360
9,3132,361
9,1422,362
9,3007,365
9,3133,366
9,3134,367
9,43,368
9,685,369
9,3135,371
9,1344,374
9,384,380
9,845,384
9,213,385
9,3136,388
9,3137,389
9,3138,393
9,3139,395
9,3140,397
9,3141,398
9,3142,399
9,3143,407
9,3144,409
9,3145,413
9,220,416
9,735,418
9,79,419,547,610,618
9,2446,420
9,3146,424
9,1130,427,438
9,80,428,439,542,548
9,3147,429,440
9,3148,433
9,3149,435
9,134,446,519
9,24,450
9,3150,452
9,3151,453
9,3152,456
9,1308,459,463
9,264,461,616
9,946,464
9,3153,469,578
9,184,474
9,3154,478
9,122,479
9,3155,481
9,3156,485
9,3157,487,524
9,1372,488,525
9,841,489
9,3158,493
9,773,496,551
9,3159,499
9,3160,507
9,3161,508
9,688,511,608
9,847,512
9,1003,514,531
9,1735,515
9,3162,517
9,3163,521
9,736,526
9,254,527
9,3164,533
9,630,535
9,3165,537
9,36,538
9,298,540
9,262,545
9,3166,546
9,3167,549
9,3168,554
9,3169,559
9,3170,560
9,1433,564
9,1476,566
9,2115,567
9,1296,568
9,204,569
9,3171,571
9,136,573
9,324,575
9,102,579
9,908,582
9,3172,583
9,2495,587
9,970,589
9,3173,590
9,206,592
9,712,595
9,3174,598
9,3175,609
9,1213,611
9,823,614
9,195,617
9,344,619
9,2957,620
10,26,0,164,418,468,936,1197
10,3176,1
10,472,2
10,3034,4,849
10,3024,6
10,3177,7,155
10,3178,8
10,66,9,41,61,139,410,551,554,613,817,877,908,939,969,1024,1032,1067,1074,1081,1113,1160,1163,1357,1422,1511,1567,1625,1684,1725,1728,1733,1742,1797,1822,1844,1852,1869,1893,1921,1961,2017,2021,2026,2033,2064,2078
10,3179,10
10,11,11,329
10,2344,12,87,152,362,533,1143,1523,1698,1928,1992
10,1195,15,1049,1212
10,1257,16,1050,1213,1807
10,3180,17
10,12,19,28,34,45,48,83,117,147,157,193,219,271,286,316,326,333,336,346,355,375,427,433,457,460,475,491,517,523,548,560,573,630,712,728,738,770,792,814,818,839,858,913,933,942,947,1014,1017,1077,1116,1145,1155,1229,1252,1276,1290,1294,1297,1324,1335,1340,1346,1352,1358,1368,1399,1412,1418,1480,1509,1531,1549,1576,1611,1618,1634,1646,1649,1655,1669,1681,1694,1763,1775,1779,1786,1789,1793,1815,1823,1833,1840,1863,1871,1919,1934,1946,1950,1996,2037,2046,2071
10,271,20,880,1348
10,424,21,39,528,1968,1993,2056,2065
10,686,22,1455
10,94,24
10,1198,25,130,226,260,1092,1911,1980
10,3181,26
10,3182,29
10,391,31,227,278,310,520,896,919,951,1065,1141,1254,1369,1390,1472
10,399,33,42,133,311,323,867,910,1121,1149
10,2952,35,524,815,1355,1577,1780
10,2953,36,507,525,816,1356,1578,1781
10,59,37,156,482,526
10,42,43,137,179,277,281,309,359,624,641,669,811,891,1063,1150,1388,1943
10,152,44
10,1067,46
10,175,47,254,270,514,718,838,997,1030,1192,1280,1394,1432,1579,1680,1751,1945,2058
10,483,49
10,3183,50
10,3184,52
10,3185,53
10,3186,54
10,3187,55
10,1977,57
10,3188,58
10,3189,59,595,744,1080,1159,1196
10,1167,62
10,3190,63
10,3191,64
10,3192,65
10,2325,67
10,3193,68
10,3194,69,1082,1161
10,2564,72
10,2185,73
10,3195,75
10,1983,78,272
10,3196,79,273,496,636
10,318,80
10,3197,81,121,185,216,298,372,465
10,3198,82
10,3199,84
10,3200,85
10,1107,88
10,3201,89
10,1293,92,615,686
10,1282,95,609,618,957,975,1137
10,1887,97
10,1274,98
10,5,107,396,789,809,992,1096,1132,1322,1475,1538,1588,1672,1830,1847,1857,1907,1967
10,210,108
10,3202,110
10,258,111,315,392,430,1133,1144,1351,1454,1468,1522,1621,1860,1910
10,3203,113
10,2321,114
10,162,115
10,1784,118,1794
10,261,119,1795
10,101,122,1136,1986
10,3204,123
10,22,124,135,218,230,279,445,448,522,581,589,727,888,920,926,976,1061,1139,1235,1310,1354,1887
10,3205,126,723
10,33,129,656
10,3206,131
10,1237,132,174
10,3207,134
10,3208,136,1124,1535,1566,1630,1861,1880
10,3209,138
10,1906,140
10,2444,142
10,2921,143,209,434
10,3210,145,435,458
10,3065,148,1682,1715,2072
10,1824,149,1683,1716,2073
10,1276,151
10,2872,158,588
10,169,159,487,571,583,590,676,1083
10,3211,161,797
10,2301,165,428
10,3212,166,221
10,3213,169,225,247
10,2823,171
10,3214,172,894
10,368,176,426
10,747,178,184,294,429,444,464,598
10,3215,181,447
10,3216,187
10,27,188
10,3047,189
10,3217,190
10,3218,192
10,3219,194
10,3220,196
10,665,207,431
10,3221,210
10,834,212,627
10,3222,213,628
10,293,214,343,1449
10,3223,217
10,1491,220,407
10,186,224
10,125,229,322,622,974,1108,1247,1371,1552,1783,1876
10,145,232,256,263,280,308,370,384,582,890,1062,1378,1387,1746
10,3085,233,325,450,961
10,405,234,246,453,654
10,81,235,454,697,730,1249
10,156,236,455,731,1969
10,497,238
10,3224,239
10,1256,241,357,1071
10,2022,243
10,70,244
10,1191,248
10,370,250
10,3225,253
10,3226,257
10,3227,262,369
10,1924,265,394
10,1901,266
10,103,268
10,761,269
10,661,276,577
10,929,283
10,3228,285
10,2342,287
10,3229,288
10,3230,290,320
10,610,296
10,3231,307
10,52,312
10,3232,318,338
10,418,327
10,3233,328
10,1775,330
10,3234,331
10,3235,334
10,1417,339
10,3236,341
10,3237,342
10,1222,345
10,3238,347
10,1089,348
10,682,349
10,3239,350,1078
10,3240,352
10,197,353,1046,1382
10,3241,360
10,3242,365
10,2579,366
10,3243,367
10,3244,373
10,3245,376
10,2172,377
10,1328,379,416
10,3246,380
10,1197,382
10,3247,387
10,3248,388
10,786,390
10,282,391
10,214,393,1947
10,3249,397,562
10,3250,408
10,3251,412,1075,1423
10,767,414,1272
10,3252,419
10,3253,420
10,768,422
10,72,423
10,243,437,645,967,994,1039,1134
10,841,439
10,582,441
10,112,449,452,1608
10,3254,456
10,2791,461
10,641,469,1018
10,2782,470,1019
10,1032,471,1020
10,3255,472
10,3256,474
10,3257,476
10,2029,478
10,3258,480
10,3259,481
10,3260,485,587,650,1070
10,1156,486,899,929
10,229,488,1485,1568,1866,1877
10,1073,489
10,84,490
10,100,492
10,3261,494
10,967,498,819,1359
10,3262,508,876,1920
10,3263,509
10,3264,511
10,2472,512,633,642
10,3265,513,530,599,637,653,746,1031,1122
10,3266,515
10,3267,518
10,3268,531
10,3269,536
10,3270,537
10,3271,539
10,3272,541
10,3273,542
10,3274,544
10,3275,546
10,1309,547
10,2007,549
10,222,552
10,55,553,555,859,937
10,96,556,962,1617,1629
10,3276,558
10,3277,561,1959
10,3278,564
10,657,565,1913
10,3279,566
10,2390,567
10,313,568,611
10,3280,569
10,3281,570
10,134,572,1673
10,3282,574
10,3283,580
10,3284,585
10,160,591,1498,1582
10,3285,592
10,3286,594
10,3287,610,619
10,163,620,1171,1708
10,3288,625
10,3289,631
10,36,632,1544,1553
10,845,647
10,1317,648
10,1249,658,2082
10,500,659,665,850,1448,1925
10,3290,660
10,1311,662
10,3291,663
10,3292,664
10,470,668,882,1942
10,3293,670
10,2385,672
10,3106,674,1347,1677,2015
10,2114,675
10,3294,678
10,667,681,1319
10,2847,682,1320
10,206,689,1890
10,1179,691,2042
10,195,692,959
10,2111,693,1107,1965
10,732,695
10,121,696
10,1732,699
10,2003,707,923
10,1536,708
10,3295,709
10,3296,710
10,2233,713,1094,1111,1120,1514
10,384,715,1985
10,1208,717,1551
10,1702,719
10,654,720
10,3297,726
10,1930,729,1519,1734,1764,1817,1951
10,1738,732
10,3298,733
10,228,735,760,1690
10,3299,736
10,1252,739
10,3300,741,1183
10,3301,742,1184
10,3302,745
10,3303,749
10,3304,751
10,3305,752
10,3306,753
10,3307,755
10,18,757
10,393,759
10,3308,761
10,1575,764,893
10,3309,765,794
10,113,766,1053,1058,1484
10,187,767
10,3310,769,1736
10,3311,771
10,3312,775
10,3313,776
10,1825,778,869,1151
10,2711,780,827,1172,1755,1975
10,3314,783
10,334,785
10,3315,786,1460,1483,1935
10,1181,790,1207,1841
10,3316,793,1146
10,1289,808
10,2884,810,1278,1837
10,3317,812
10,3318,820
10,2448,823
10,987,824,1326
10,111,826,1210,1260,1932,1974
10,3319,830
10,3320,836
10,3321,837
10,3322,841,1191
10,3323,842
10,226,846
10,3324,848
10,3325,853
10,697,854
10,30,856,977,1128,1170,1452
10,3326,860
10,3327,861
10,306,863,1373
10,3328,864
10,3329,866
10,3330,871
10,44,872,1038
10,3331,875
10,3332,879
10,3333,884
10,3334,886
10,3335,887
10,265,889
10,204,897
10,3336,907
10,3337,909
10,2882,911
10,3338,912
10,3339,915,987
10,49,916
10,3340,921
10,230,924
10,715,925
10,773,927
10,757,930,1696
10,3341,934
10,1699,938
10,1192,940
10,2217,943
10,3139,945
10,666,948
10,74,954
10,133,960,1349,1440,1446,1545
10,3342,964,1234
10,3343,968
10,3344,970
10,660,971,981,1245
10,675,978,984
10,1347,983,1456
10,3345,988
10,3346,990
10,970,995
10,1459,996
10,3347,998
10,3348,999
10,3349,1008
10,80,1009,1115,1409,1425,1570,1641,1784,1994
10,3350,1011
10,3351,1013
10,3352,1021
10,3353,1022
10,3354,1023
10,1910,1025
10,3355,1026
10,3356,1028
10,3357,1029
10,3358,1033
10,122,1034,1444,2084
10,3359,1036
10,3360,1037
10,3361,1042
10,3362,1043
10,144,1047,1435
10,3363,1052,1269,1543,1599,1732
10,3364,1059
10,3365,1060
10,1655,1084
10,110,1085,1154,1175,1645
10,649,1086,1956
10,1310,1088
10,650,1089
10,2742,1093,1110,1119
10,223,1097
10,1939,1114,1798
10,1871,1117
10,3366,1123
10,79,1125,1225,1561,1609,1765,1924
10,3367,1126
10,269,1127,1487,1973
10,428,1129,1298
10,3368,1131
10,3369,1140,1188,1724,1790
10,722,1142
10,1959,1147
10,927,1148
10,3370,1153
10,3371,1156
10,3372,1157
10,3373,1165
10,2804,1166
10,3374,1167
10,3375,1168
10,3376,1174
10,1622,1176,2062
10,907,1177
10,2607,1179
10,3377,1180
10,3378,1181
10,3379,1186
10,3380,1189
10,3381,1190
10,3382,1194
10,3383,1198
10,1797,1208
10,968,1215
10,730,1216
10,3384,1217
10,2250,1219
10,3385,1221
10,3386,1222
10,3387,1223,1268,1342,1816
10,3388,1224
10,344,1226,1248,1766
10,3389,1227
10,2495,1230
10,2816,1231
10,2169,1233
10,1943,1238
10,203,1241
10,331,1243,1361,1939
10,3390,1251
10,3391,1256
10,1233,1259,1375,1908,1931
10,3392,1261
10,1182,1263
10,1244,1273
10,3393,1274
10,3394,1277
10,2369,1281,1580
10,3395,1283
10,2623,1284
10,141,1286
10,3396,1287
10,3397,1288,1309
10,3398,1289
10,646,1295,1670
10,3399,1311
10,1996,1313
10,3400,1315
10,3401,1316
10,173,1325
10,3402,1329
10,3403,1330
10,3404,1331
10,3405,1332
10,1756,1334
10,2576,1336
10,3406,1338
10,555,1339
10,1881,1341
10,3407,1343
10,387,1345,1377,1918
10,745,1350,1695
10,311,1353
10,1084,1360
10,3408,1363
10,3409,1366
10,159,1372
10,3410,1374
10,736,1384,1976
10,3411,1385
10,3412,1392
10,3413,1395
10,3414,1396
10,3415,1397
10,3416,1398
10,3417,1407,1416,1647
10,2372,1410
10,3418,1413
10,3007,1415
10,3419,1419
10,3420,1420
10,3421,1426
10,3422,1428
10,3423,1430
10,976,1433,1636
10,3424,1436
10,3425,1438
10,3426,1439
10,3427,1441
10,3428,1451
10,3429,1457
10,1620,1458
10,3430,1462
10,3431,1464
10,3432,1465
10,3433,1467
10,3434,1469
10,3435,1471
10,557,1476,1858
10,3436,1477
10,174,1478,1540
10,1227,1481,1491
10,3437,1486
10,945,1489,1558,1922
10,3438,1490
10,2467,1493
10,3439,1499
10,1941,1507
10,1456,1508
10,1719,1510
10,3440,1513
10,3441,1516
10,340,1518
10,3442,1521
10,3443,1524
10,3444,1525
10,3445,1526
10,3446,1527
10,3447,1530
10,3448,1532
10,3449,1539
10,3450,1542,1591,1740
10,3451,1546
10,3452,1547
10,3453,1550
10,3454,1554
10,1115,1556,1948
10,38,1559
10,1648,1563,1642
10,3455,1565
10,1905,1569
10,524,1572
10,672,1573
10,2135,1574
10,408,1575
10,3456,1583
10,3457,1585
10,2095,1589
10,3458,1592
10,835,1593
10,3459,1595
10,3460,1598
10,3461,1607
10,3462,1610
10,3463,1612
10,3464,1615
10,3465,1616
10,136,1623
10,3466,1624
10,71,1626
10,3467,1627
10,2236,1628
10,2430,1633
10,3468,1635
10,1330,1644
10,3469,1650
10,858,1656
10,3470,1657
10,1312,1658
10,1091,1659
10,244,1660
10,3471,1663
10,978,1664
10,3472,1665,2041
10,3473,1666
10,3474,1674
10,3475,1676
10,694,1678
10,2759,1679
10,1116,1685
10,1810,1686
10,3476,1688
10,3477,1691
10,3478,1692
10,3479,1697
10,1261,1707
10,3480,1710
10,3481,1711
10,3482,1714
10,803,1717,1836,1915,1955
10,3483,1718
10,2696,1720
10,3484,1721
10,3485,1722
10,3486,1726
10,401,1727
10,3487,1729
10,3488,1731
10,3489,1735
10,712,1737
10,3490,1739
10,3491,1741
10,1214,1743
10,3492,1744
10,759,1747
10,135,1748
10,466,1749
10,2021,1750
10,98,1753
10,3493,1758
10,2989,1761
10,2990,1767
10,3494,1768
10,386,1770
10,436,1772
10,3495,1773
10,3496,1776
10,3497,1777
10,3498,1787
10,3499,1791
10,1008,1808
10,1205,1811,1914
10,3500,1812
10,643,1814
10,3501,1820
10,3502,1821
10,3503,1824
10,3504,1827
10,3505,1828,1923
10,749,1831
10,3506,1832
10,3507,1834
10,2256,1835
10,3508,1843
10,3509,1845
10,3510,1850
10,3511,1851,1868
10,2725,1853,1870
10,3512,1854
10,3513,1859
10,3514,1864
10,501,1872
10,3515,1874
10,1886,1879
10,3516,1884
10,902,1886
10,3517,1892
10,3518,1894
10,3519,1896
10,3520,1897
10,3521,1909
10,3522,1916
10,685,1926
10,3523,1933
10,2535,1936
10,3524,1938
10,3525,1954
10,3526,1957
10,3527,1962
10,1926,1971
10,3528,1972
10,2445,1977
10,3529,1981
10,3530,1982
10,3531,1988
10,2275,1989
10,2343,1991
10,3532,1995
10,3533,1997
10,3534,2007
10,2649,2009
10,3535,2010
10,3536,2011
10,3537,2012
10,940,2016
10,629,2018
10,1792,2019
10,3538,2020
10,3539,2022
10,937,2024
10,1443,2025
10,946,2027
10,2026,2028
10,2949,2029
10,3540,2030
10,3541,2031
10,3542,2035
10,3543,2038
10,3544,2039
10,3545,2040
10,3546,2043
10,3547,2044
10,620,2045
10,3548,2047
10,3549,2048
10,3550,2049
10,1805,2050
10,3551,2052
10,2614,2057
10,518,2060
10,3552,2063
10,748,2066
10,3553,2067
10,3554,2068
10,2554,2069
10,544,2074
10,260,2075
10,3555,2077
10,3556,2079
10,3557,2081
10,3558,2083
11,919,0,517,591
11,477,1
11,3559,2
11,2905,3
11,792,4
11,3560,5
11,3561,8
11,848,9
11,724,10
11,2713,11
11,12,12,41,111,144,151,166,169,177,184,242,247,260,268,275,278,296,320,329,345,364,381,387,393,397,414,461,543,547,563,568,580,637,671,688,695,720,727,734,738,747,793,840
11,1408,13,142,147,167,248,690
11,3562,15
11,3563,17
11,3564,19
11,3565,25
11,2403,26,518
11,1174,28
11,134,29,376
11,46,30
11,3566,31,294,439
11,604,33,38,65,195,224,299,379,455,741,814,829
11,1491,35
11,747,37,218,417,428
11,2181,40
11,3567,43
11,102,44,739
11,135,46
11,3568,47
11,66,48,54,73,94,199,298,312,380,413,452,519,619,626,649,659,731,754,774
11,79,49,265,336
11,3569,50
11,2712,53
11,3570,55
11,1091,56,223
11,3571,58
11,175,59,438,469,579,726
11,3572,60
11,2792,61
11,3573,63
11,22,64,74,150,284,363,370,446,535,746,795
11,424,66,126,153,174,307,430,537
11,3574,67
11,3575,69
11,3576,71
11,3577,75,93
11,3578,77
11,927,78
11,11,79,341,574,737,757,808
11,1190,80
11,3579,81,348,527,594
11,3580,83
11,144,89,629
11,3581,90
11,433,95
11,1107,96,444,744,796
11,81,97,137,464,521,667,782
11,53,98,175,308
11,1323,99,172,538,623,714,745,797,825
11,3582,107
11,370,109
11,3583,110
11,1664,112,125,722
11,3584,114
11,544,116,460
11,3585,117
11,1326,118,173,181,264,541,624,712,826
11,3586,119
11,3587,121
11,26,123,425
11,889,124,721,736
11,3588,127
11,3589,129
11,25,131
11,3590,133,243
11,1306,135
11,36,136,239,572
11,156,138,465,668
11,3591,139
11,3592,140
11,5,141,447,627,856
11,258,143,226,241,396,787,846,868
11,3593,145
11,3594,146,180,189,310
11,757,148
11,3595,149
11,1,152,544,689
11,3333,154
11,611,156
11,3596,157
11,3597,159
11,534,161
11,269,162,451
11,629,163
11,1418,164
11,518,170,178,261
11,3598,176
11,529,182,362,534,612
11,219,183
11,1148,185
11,3599,186
11,3600,187
11,3601,190
11,3602,191
11,105,192,216,697
11,3603,194,415
11,1037,197
11,1038,198
11,381,207
11,1406,208
11,3604,209
11,614,211
11,1046,214
11,3605,215
11,133,217,554,565,677,766,777
11,649,221,555,679
11,3606,222,556,681
11,3607,227
11,3608,229,575,617
11,1346,230
11,3609,232
11,3610,233
11,3611,236
11,3612,237
11,1429,238
11,3613,240
11,2506,245,496,692,790
11,3205,249
11,686,252
11,2685,253
11,306,254,508
11,2785,255
11,1309,257,780
11,2145,259
11,495,263,614,622,711
11,3614,266
11,663,267
11,585,269
11,3615,270
11,2390,271
11,3616,273
11,2344,279
11,3249,280,443
11,3617,282
11,1086,283
11,170,288,374
11,2647,290,548
11,3618,291
11,3619,293,479
11,1456,295,378,516
11,3620,309
11,3621,315
11,2902,317
11,497,318,781
11,55,321,485,511,708,775,872
11,3622,322
11,2970,323
11,3623,324
11,3624,326
11,3625,328
11,348,330
11,3626,333
11,436,338
11,3627,339
11,2847,340
11,2911,342
11,3628,343
11,3124,344
11,428,346,696,794
11,3629,350
11,3630,353
11,1131,354
11,3631,355
11,3106,357,743
11,3632,358
11,601,360
11,121,361,533
11,2952,365
11,2953,366
11,3633,367,445
11,2400,368,427
11,1111,369
11,3634,375
11,3635,377,409,423,450,776
11,470,384
11,1770,385
11,3636,388
11,123,390
11,3637,391
11,2423,395
11,214,398
11,3638,399
11,1125,407
11,3639,408
11,2386,411,488
11,2387,412,489
11,42,419
11,3640,420
11,2654,421
11,3641,426
11,3642,431
11,3643,434
11,3644,435
11,1747,437
11,3645,441
11,405,448
11,341,449
11,110,453,827
11,1992,457
11,548,458
11,3646,466
11,2413,467
11,3647,468
11,2119,470
11,3648,471
11,3649,472
11,1142,474
11,3343,476
11,1011,477
11,3650,480
11,1473,481
11,223,482
11,215,484
11,3651,486
11,56,487,675,709
11,3652,492
11,3653,493
11,3654,494
11,645,495
11,3655,507
11,2878,509
11,3656,512
11,3657,513
11,285,514
11,3658,515
11,2993,520
11,3659,522
11,340,524
11,1930,525
11,3660,529
11,3661,532
11,3662,536,578
11,1347,539,620,822,847
11,3059,540,553,564
11,3663,546
11,863,552
11,603,559,854
11,2655,561
11,3664,566
11,418,569
11,3665,570
11,2107,571,788
11,2799,573
11,3666,576
11,3667,581
11,3668,582
11,1570,583
11,229,589,792
11,3669,592
11,3670,596
11,3671,599
11,3672,608
11,3673,610
11,3674,611,663
11,1266,615
11,3675,621
11,6,628,729,857
11,3676,630
11,169,631,713
11,3153,633,643,758,772,853
11,3677,638
11,1361,641
11,3678,647
11,427,651
11,3679,653
11,3680,655
11,3681,657
11,3682,660
11,3683,662
11,3684,665
11,605,666
11,3685,669
11,3686,672
11,0,674
11,3687,676
11,344,678,767
11,1185,680
11,834,683
11,247,685
11,500,686
11,331,693
11,3688,698
11,209,710
11,4,715,718
11,264,717
11,3689,723
11,951,724
11,2956,725
11,480,728,735,748
11,2169,732
11,3690,733
11,3691,740,812
11,2416,749
11,3692,750
11,204,751
11,3693,752
11,3694,753
11,667,755
11,78,756,770
11,48,759
11,685,760
11,847,761,799
11,3695,763
11,661,765
11,535,768
11,3696,769
11,2371,778
11,3697,783
11,2257,785
11,2784,786
11,3698,807
11,354,809,811
11,783,817
11,103,821
11,3699,823
11,131,830,834
11,3700,831
11,3701,835
11,1810,837
11,3702,841
11,3117,844
11,195,845
11,3373,848
11,34,849
11,43,850
11,3703,860
11,1356,861
11,113,862
11,33,864
11,1735,865
11,3704,867
11,3705,870
11,3557,871
11,2214,873
11,3706,874
11,3707,876
11,3708,877
12,1035,2,49
12,145,4,71
12,133,5,72,166
12,101,6,89,127,189
12,1131,8,52
12,3709,9
12,495,10
12,1326,11,78,162
12,12,13,22,31,36,59,83,120,133,176,192,208
12,691,14,161,185,209
12,604,16,69,138
12,1323,18,157
12,1107,20
12,2233,23
12,3608,26,57
12,3686,27
12,470,29
12,3583,30
12,2647,32
12,518,33
12,3710,34
12,3074,37
12,121,39
12,620,40
12,3711,41
12,544,43
12,497,44
12,3712,45
12,1220,46
12,1266,54
12,529,55
12,3713,60
12,3639,61
12,889,62
12,1664,63
12,686,64
12,625,67
12,667,74,142
12,548,75,144
12,258,76
12,3714,77
12,1418,81
12,433,84
12,220,85
12,3577,87
12,3715,90
12,2890,91
12,2774,92
12,652,93
12,66,94,137,140,153
12,3566,95
12,3716,96
12,3717,97
12,1091,98
12,1778,99
12,259,108
12,919,110
12,2403,111
12,3718,114
12,5,116
12,2656,117,184
12,1443,118
12,2344,121
12,3249,122
12,424,123,156
12,304,124
12,79,126
12,3719,128
12,2956,130
12,2738,131
12,2376,132
12,381,134
12,1406,135,152
12,3720,136
12,175,141
12,3601,143
12,1129,146
12,26,148
12,1084,150
12,3721,154
12,2846,155
12,29,159
12,3722,163
12,3723,165
12,3724,167
12,255,168
12,3725,169
12,3726,172
12,2216,173
12,3727,174
12,3728,177
12,3729,179
12,3730,181
12,3731,186
12,3732,187
12,312,190
12,2558,193
12,3733,194
12,3734,195
12,163,197
12,3735,198
12,113,199
12,3736,210
